,Temp,Humi,Fog,Target
0,81,21,616,一般
1,34,43,252,一般
2,52,33,777,一般
3,94,8,525,严重
4,73,29,433,一般
5,48,30,831,一般
6,88,18,703,严重
7,98,58,2238,正常
8,82,34,604,一般
9,,26,751,严重
10,94,4,975,严重
11,24,82,28,正常
12,81,30,881,一般
13,42,,483,一般
14,25,80,94,正常
15,45,37,927,一般
16,84,20,750,严重
17,47,34,176,一般
18,70,28,,一般
19,97,12,938,严重
20,94,3,597,严重
21,48,66,237,一般
22,80,17,700,严重
23,27,73,198,正常
24,45,31,509,一般
25,47,28,870,一般
26,21,87,128,正常
27,78,26,525,一般
28,23,96,78,正常
29,41,37,192,一般
30,50,30,900,一般
31,46,45,338,一般
32,83,2,928,严重
33,30,54,386,一般
34,89,3,745,严重
35,80,25,408,一般
36,96,7,714,严重
37,97,83,,正常
38,28,65,112,正常
39,28,74,34,正常
40,91,24,544,严重
41,81,36,758,一般
42,27,99,7,正常
43,97,27,739,严重
44,,,804,严重
45,41,55,376,一般
46,28,79,180,正常
47,86,2,621,严重
48,47,61,153,一般
49,71,25,514,一般
50,26,82,3,正常
51,35,46,165,一般
52,20,75,86,正常
53,53,26,747,一般
54,34,58,346,一般
55,38,69,186,一般
56,27,65,152,正常
57,59,24,941,一般
58,95,15,569,严重
59,24,83,11,正常
60,93,22,628,严重
61,65,25,877,一般
62,76,,776,一般
63,45,34,,一般
64,24,84,26,正常
65,70,24,681,一般
66,37,47,334,一般
67,94,20,735,严重
68,25,86,23,正常
69,41,38,448,一般
70,36,46,182,一般
71,90,12,647,严重
72,28,84,111,正常
73,78,20,787,一般
74,33,54,227,一般
75,35,63,333,一般
76,26,74,189,正常
77,30,52,440,一般
78,42,50,255,一般
79,80,23,620,严重
80,58,27,629,一般
81,80,27,556,严重
82,21,61,104,正常
83,25,82,43,正常
84,48,58,460,一般
85,20,81,152,正常
86,47,30,437,一般
87,40,54,189,一般
88,,19,913,严重
89,27,74,194,正常
90,46,62,303,一般
91,98,14,829,严重
92,23,92,124,正常
93,93,10,915,严重
94,45,34,228,一般
95,90,5,511,严重
96,86,,,严重
97,67,39,829,一般
98,26,68,74,正常
99,68,21,600,一般
100,98,5,631,严重
101,52,26,697,一般
102,45,26,978,一般
103,95,29,943,严重
104,37,42,266,一般
105,73,24,683,一般
106,60,33,713,一般
107,44,51,390,一般
108,83,3,834,严重
109,45,38,230,一般
110,,26,448,一般
111,94,9,788,严重
112,26,77,179,正常
113,95,29,691,严重
114,98,16,,严重
115,57,26,812,一般
116,47,33,437,一般
117,,30,,一般
118,35,49,359,一般
119,22,77,166,正常
120,21,78,14,正常
121,59,33,921,一般
122,55,21,695,一般
123,27,71,159,正常
124,44,35,380,一般
125,63,24,609,一般
126,,87,331,正常
127,20,98,41,正常
128,66,26,493,一般
129,88,25,751,严重
130,75,32,442,一般
131,44,58,476,一般
132,22,62,166,正常
133,24,73,21,正常
134,47,48,365,一般
135,27,60,104,正常
136,44,50,194,一般
137,29,91,76,正常
138,38,43,369,一般
139,81,17,610,严重
140,22,99,77,正常
141,28,,610,正常
142,81,32,618,一般
143,,26,999,严重
144,97,8,832,严重
145,42,67,169,一般
146,88,23,699,严重
147,52,20,784,一般
148,55,33,657,一般
149,82,29,810,严重
150,80,34,701,一般
151,23,90,137,正常
152,25,77,106,正常
153,83,19,762,严重
154,92,13,966,严重
155,93,5,808,严重
156,22,66,189,正常
157,47,55,208,一般
158,28,70,15,正常
159,72,31,457,一般
160,67,20,812,一般
161,41,38,449,一般
162,40,36,384,一般
163,61,32,842,一般
164,97,15,966,严重
165,74,20,755,一般
166,21,77,90,正常
167,23,68,158,正常
168,91,,581,严重
169,36,61,486,一般
170,25,83,111,正常
171,83,13,614,严重
172,31,236,686,正常
173,90,4,549,严重
174,76,20,695,一般
175,92,27,680,严重
176,22,81,72,正常
177,48,34,457,一般
178,56,83,2274,正常
179,83,26,500,严重
180,26,95,166,正常
181,23,92,136,正常
182,36,48,480,一般
183,33,69,201,一般
184,89,12,769,严重
185,23,89,55,正常
186,95,1,,严重
187,33,59,424,一般
188,84,24,968,严重
189,34,69,163,一般
190,,5,677,严重
191,78,35,692,一般
192,81,28,854,一般
193,41,62,241,一般
194,21,75,155,正常
195,82,19,891,严重
196,25,74,80,正常
197,23,73,98,正常
198,25,95,46,正常
199,25,81,93,正常
200,47,56,161,一般
201,23,77,103,正常
202,87,18,868,严重
203,44,43,287,一般
204,92,23,647,严重
205,22,63,143,正常
206,21,81,110,正常
207,94,14,617,严重
208,,78,199,正常
209,76,28,910,一般
210,20,90,58,正常
211,63,64,,正常
212,81,23,664,一般
213,90,14,671,严重
214,81,20,460,一般
215,37,59,331,一般
216,95,25,603,严重
217,71,70,2692,正常
218,29,81,122,正常
219,23,82,132,正常
220,47,29,745,一般
221,27,77,64,正常
222,76,30,863,一般
223,41,63,430,一般
224,82,4,804,严重
225,30,41,352,一般
226,83,23,533,严重
227,82,31,752,一般
228,20,78,64,正常
229,70,36,884,一般
230,38,34,241,一般
231,26,97,25,正常
232,26,78,190,正常
233,43,52,280,一般
234,50,21,953,一般
235,29,93,119,正常
236,96,21,601,严重
237,42,57,181,一般
238,34,63,211,一般
239,27,67,118,正常
240,82,23,979,严重
241,20,98,43,正常
242,80,25,765,严重
243,45,36,191,一般
244,64,22,995,一般
245,75,32,872,一般
246,89,17,813,严重
247,42,62,400,一般
248,61,36,425,一般
249,80,19,923,严重
250,60,20,770,一般
251,46,39,245,一般
252,94,25,704,严重
253,25,86,52,正常
254,57,25,772,一般
255,99,22,961,严重
256,27,75,82,正常
257,87,24,704,严重
258,47,40,309,一般
259,34,61,304,一般
260,86,9,561,严重
261,95,27,622,严重
262,35,64,498,一般
263,83,37,489,一般
264,29,83,105,正常
265,97,12,969,严重
266,96,15,539,严重
267,80,19,786,严重
268,46,44,421,一般
269,48,24,987,一般
270,62,31,797,一般
271,84,28,900,严重
272,80,10,607,严重
273,20,67,134,正常
274,38,54,483,一般
275,83,33,702,一般
276,45,22,507,一般
277,21,98,101,正常
278,96,5,994,严重
279,20,80,25,正常
280,81,17,939,严重
281,63,25,779,一般
282,43,51,346,一般
283,82,7,738,严重
284,32,52,372,一般
285,51,24,405,一般
286,96,29,947,严重
287,97,11,657,严重
288,34,65,254,一般
289,66,36,959,一般
290,95,25,710,严重
291,27,86,139,正常
292,47,21,854,一般
293,58,24,709,一般
294,22,65,176,正常
295,42,56,400,一般
296,44,48,168,一般
297,81,6,2157,正常
298,58,20,970,一般
299,63,34,838,一般
300,98,23,658,严重
301,82,3,972,严重
302,25,92,71,正常
303,29,86,119,正常
304,85,22,638,严重
305,90,27,569,严重
306,47,33,265,一般
307,26,89,134,正常
308,57,27,534,一般
309,70,20,680,一般
310,40,50,199,一般
311,28,86,39,正常
312,45,47,452,一般
313,60,29,819,一般
314,84,23,792,严重
315,56,36,980,一般
316,51,28,556,一般
317,22,92,85,正常
318,30,59,231,一般
319,28,89,44,正常
320,93,11,849,严重
321,38,68,193,一般
322,81,7,757,严重
323,52,31,551,一般
324,45,35,184,一般
325,26,72,83,正常
326,94,21,855,严重
327,21,68,124,正常
328,86,10,898,严重
329,97,16,666,严重
330,80,18,720,严重
331,90,18,790,严重
332,61,23,482,一般
333,98,10,993,严重
334,22,60,86,正常
335,,12,180,正常
336,85,269,788,正常
337,43,62,204,一般
338,96,14,721,严重
339,46,48,214,一般
340,33,59,343,一般
341,44,53,326,一般
342,49,26,791,一般
343,48,46,433,一般
344,54,35,989,一般
345,20,91,91,正常
346,20,90,44,正常
347,25,69,127,正常
348,49,33,307,一般
349,62,20,473,一般
350,62,25,901,一般
351,51,31,479,一般
352,93,14,815,严重
353,,22,362,正常
354,80,13,604,严重
355,96,3,597,严重
356,93,20,753,严重
357,27,84,132,正常
358,93,23,646,严重
359,23,95,155,正常
360,35,62,399,一般
361,85,29,848,严重
362,26,63,69,正常
363,34,55,326,一般
364,57,30,530,一般
365,25,91,126,正常
366,20,95,176,正常
367,24,67,136,正常
368,51,25,777,一般
369,21,68,167,正常
370,72,29,492,一般
371,23,35,,正常
372,45,28,735,一般
373,34,52,496,一般
374,84,17,781,严重
375,84,30,541,一般
376,21,71,135,正常
377,35,62,397,一般
378,54,38,834,一般
379,23,77,140,正常
380,47,48,2482,正常
381,67,33,609,一般
382,49,44,300,一般
383,25,80,99,正常
384,27,83,52,正常
385,82,36,412,一般
386,32,31,348,一般
387,39,57,306,一般
388,86,27,647,严重
389,87,11,571,严重
390,52,30,620,一般
391,38,45,458,一般
392,46,39,890,一般
393,87,24,814,严重
394,83,8,893,严重
395,45,69,441,一般
396,75,31,705,一般
397,20,62,137,正常
398,51,31,479,一般
399,48,26,435,一般
400,25,63,15,正常
401,25,86,67,正常
402,20,74,116,正常
403,34,66,340,一般
404,27,72,2318,正常
405,37,37,230,一般
406,92,7,521,严重
407,98,25,718,严重
408,44,49,374,一般
409,63,26,596,一般
410,64,35,983,一般
411,77,38,441,一般
412,65,36,696,一般
413,42,42,151,一般
414,36,56,245,一般
415,45,33,467,一般
416,49,26,791,一般
417,20,78,92,正常
418,22,60,148,正常
419,38,51,325,一般
420,66,20,518,一般
421,85,10,689,严重
422,95,3,798,严重
423,25,88,150,正常
424,68,35,613,一般
425,48,61,284,一般
426,45,33,961,一般
427,20,62,92,正常
428,36,36,497,一般
429,43,45,298,一般
430,24,64,160,正常
431,93,4,554,严重
432,28,73,117,正常
433,50,36,894,一般
434,33,56,471,一般
435,79,28,654,一般
436,25,91,77,正常
437,23,76,10,正常
438,97,7,743,严重
439,25,62,155,正常
440,54,27,539,一般
441,63,32,683,一般
442,29,84,9,正常
443,38,54,453,一般
444,94,0,714,严重
445,65,25,634,一般
446,87,9,890,严重
447,26,71,45,正常
448,24,78,81,正常
449,71,39,769,一般
450,77,35,880,一般
451,60,36,852,一般
452,48,62,206,一般
453,67,82,,正常
454,87,16,737,严重
455,39,50,396,一般
456,89,21,938,严重
457,37,62,498,一般
458,81,11,658,严重
459,84,14,567,严重
460,59,27,486,一般
461,70,26,446,一般
462,59,25,707,一般
463,30,38,355,一般
464,38,44,490,一般
465,81,1,793,严重
466,58,23,423,一般
467,45,52,393,一般
468,72,35,407,一般
469,22,84,7,正常
470,96,5,665,严重
471,35,30,445,一般
472,91,22,945,严重
473,34,63,163,一般
474,38,41,399,一般
475,,24,756,正常
476,54,32,931,一般
477,24,73,74,正常
478,20,75,91,正常
479,79,33,455,一般
480,41,36,285,一般
481,55,20,824,一般
482,82,4,745,严重
483,42,34,495,一般
484,45,36,165,一般
485,27,86,148,正常
486,39,66,183,一般
487,61,24,930,一般
488,32,65,362,一般
489,35,50,357,一般
490,95,25,733,严重
491,44,66,353,一般
492,20,84,68,正常
493,24,95,23,正常
494,73,23,451,一般
495,89,25,703,严重
496,81,30,733,一般
497,80,22,2646,正常
498,44,68,271,一般
499,86,6,985,严重
500,45,44,477,一般
501,94,26,669,严重
502,31,39,301,一般
503,82,21,528,严重
504,84,32,590,一般
505,80,36,985,一般
506,41,37,478,一般
507,94,25,649,严重
508,46,65,167,一般
509,24,98,175,正常
510,94,2,715,严重
511,28,96,29,正常
512,90,14,845,严重
513,23,79,180,正常
514,80,21,604,一般
515,68,38,720,一般
516,91,17,960,严重
517,39,31,251,一般
518,81,28,571,严重
519,84,33,785,一般
520,24,77,18,正常
521,50,26,477,一般
522,82,33,503,一般
523,35,61,379,一般
524,22,93,183,正常
525,42,66,269,一般
526,62,39,685,一般
527,46,54,298,一般
528,81,2,567,严重
529,25,89,2,正常
530,32,63,187,一般
531,83,25,827,一般
532,89,13,731,严重
533,24,63,2,正常
534,31,37,483,一般
535,37,35,360,一般
536,86,10,871,严重
537,49,53,444,一般
538,89,7,791,严重
539,45,24,524,一般
540,40,41,266,一般
541,29,64,199,正常
542,88,4,678,严重
543,58,22,515,一般
544,48,58,387,一般
545,25,84,92,正常
546,30,39,495,一般
547,70,21,400,一般
548,29,63,175,正常
549,87,11,518,严重
550,97,17,874,严重
551,58,28,725,一般
552,92,13,966,严重
553,35,48,303,一般
554,26,70,79,正常
555,90,24,776,严重
556,42,30,492,一般
557,58,31,568,一般
558,93,19,655,严重
559,44,62,334,一般
560,23,61,9,正常
561,25,72,197,正常
562,49,30,158,一般
563,83,25,714,严重
564,84,12,775,严重
565,34,37,343,一般
566,64,27,437,一般
567,88,22,741,严重
568,37,58,224,一般
569,90,17,892,严重
570,75,30,654,一般
571,85,5,557,严重
572,80,36,861,一般
573,24,65,120,正常
574,22,75,130,正常
575,21,66,110,正常
576,28,,225,正常
577,27,78,7,正常
578,92,23,571,严重
579,97,20,880,严重
580,92,25,903,严重
581,42,37,364,一般
582,49,28,885,一般
583,26,67,22,正常
584,63,30,624,一般
585,99,14,610,严重
586,44,55,472,一般
587,32,58,185,一般
588,49,36,311,一般
589,87,2,742,严重
590,95,22,735,严重
591,46,41,355,一般
592,61,33,830,一般
593,57,39,824,一般
594,58,26,694,一般
595,36,47,224,一般
596,82,22,873,一般
597,89,6,636,严重
598,36,60,181,一般
599,40,67,161,一般
600,46,40,318,一般
601,70,33,511,一般
602,31,47,480,一般
603,24,81,172,正常
604,69,23,437,一般
605,71,27,967,一般
606,22,64,27,正常
607,42,56,462,一般
608,22,84,5,正常
609,30,45,176,一般
610,23,96,119,正常
611,83,2,594,严重
612,21,90,195,正常
613,64,32,831,一般
614,67,26,649,一般
615,23,82,23,正常
616,88,3,564,严重
617,87,16,547,严重
618,20,85,95,正常
619,63,36,492,一般
620,46,41,155,一般
621,23,95,10,正常
622,86,11,842,严重
623,71,26,608,一般
624,27,62,189,正常
625,28,65,98,正常
626,91,9,586,严重
627,73,23,463,一般
628,52,29,844,一般
629,46,32,476,一般
630,97,0,575,严重
631,35,34,200,一般
632,54,22,563,一般
633,96,28,592,严重
634,51,29,410,一般
635,83,6,772,严重
636,30,46,330,一般
637,66,24,842,一般
638,41,64,367,一般
639,97,14,861,严重
640,40,49,448,一般
641,55,28,682,一般
642,35,31,226,一般
643,64,33,837,一般
644,23,74,179,正常
645,90,14,544,严重
646,42,40,169,一般
647,36,41,390,一般
648,96,12,728,严重
649,71,21,623,一般
650,52,30,929,一般
651,,11,819,正常
652,99,8,576,严重
653,63,27,523,一般
654,84,34,662,一般
655,47,55,372,一般
656,47,26,868,一般
657,54,27,923,一般
658,45,54,485,一般
659,51,33,467,一般
660,36,65,378,一般
661,48,23,692,一般
662,83,12,577,严重
663,21,69,181,正常
664,80,32,963,一般
665,56,39,565,一般
666,76,22,585,一般
667,43,39,434,一般
668,84,1,840,严重
669,35,60,218,一般
670,86,5,641,严重
671,83,17,630,严重
672,23,98,172,正常
673,44,59,464,一般
674,49,25,601,一般
675,97,12,949,严重
676,26,79,14,正常
677,46,66,348,一般
678,90,17,922,严重
679,20,67,17,正常
680,91,26,709,严重
681,32,47,372,一般
682,22,65,131,正常
683,47,58,410,一般
684,83,19,894,严重
685,57,28,962,一般
686,81,32,811,一般
687,54,21,810,一般
688,36,57,250,一般
689,93,22,628,严重
690,35,49,318,一般
691,20,83,175,正常
692,49,29,2908,正常
693,35,54,190,一般
694,95,28,603,严重
695,26,65,96,正常
696,29,61,107,正常
697,93,16,657,严重
698,24,66,171,正常
699,27,88,166,正常
700,87,25,673,严重
701,93,23,792,严重
702,49,30,413,一般
703,,59,783,正常
704,23,87,82,正常
705,26,81,188,正常
706,91,2,908,严重
707,71,34,451,一般
708,99,19,505,严重
709,92,24,538,严重
710,73,25,938,一般
711,72,32,430,一般
712,38,60,473,一般
713,71,34,900,一般
714,85,29,936,严重
715,99,20,607,严重
716,56,37,821,一般
717,82,34,907,一般
718,84,14,995,严重
719,41,34,454,一般
720,34,31,487,一般
721,56,23,442,一般
722,35,63,213,一般
723,99,1,951,严重
724,23,97,143,正常
725,20,70,158,正常
726,23,69,171,正常
727,45,51,387,一般
728,35,69,407,一般
729,69,32,639,一般
730,26,70,112,正常
731,49,36,305,一般
732,28,80,42,正常
733,54,21,984,一般
734,46,35,290,一般
735,44,65,349,一般
736,27,88,159,正常
737,99,15,833,严重
738,50,34,508,一般
739,254,80,502,正常
740,92,12,907,严重
741,29,63,167,正常
742,86,11,746,严重
743,75,28,535,一般
744,60,38,460,一般
745,48,64,152,一般
746,,67,452,正常
747,34,49,454,一般
748,90,12,597,严重
749,74,23,725,一般
750,26,90,15,正常
751,45,56,499,一般
752,57,32,678,一般
753,33,36,232,一般
754,76,30,542,一般
755,20,60,130,正常
756,88,1,929,严重
757,23,94,34,正常
758,97,15,964,严重
759,87,281,890,正常
760,20,69,128,正常
761,28,87,98,正常
762,31,37,238,一般
763,88,22,969,严重
764,89,25,504,严重
765,89,27,794,严重
766,35,64,297,一般
767,92,18,654,严重
768,25,91,72,正常
769,50,30,752,一般
770,97,7,965,严重
771,24,88,126,正常
772,51,34,592,一般
773,61,35,662,一般
774,42,49,244,一般
775,46,46,339,一般
776,49,24,695,一般
777,23,68,155,正常
778,53,27,674,一般
779,28,80,103,正常
780,84,25,982,一般
781,23,78,55,正常
782,84,24,968,严重
783,72,31,457,一般
784,75,21,452,一般
785,85,23,768,严重
786,44,43,492,一般
787,28,82,118,正常
788,29,71,182,正常
789,48,47,464,一般
790,37,66,203,一般
791,63,20,617,一般
792,30,36,479,一般
793,28,69,34,正常
794,,80,484,正常
795,32,40,229,一般
796,38,35,317,一般
797,25,82,196,正常
798,29,65,53,正常
799,24,96,165,正常
800,37,50,336,一般
801,89,17,756,严重
802,33,50,216,一般
803,39,39,436,一般
804,45,59,438,一般
805,26,93,163,正常
806,81,23,933,严重
807,40,63,382,一般
808,97,11,993,严重
809,91,13,927,严重
810,88,10,709,严重
811,98,25,589,严重
812,71,27,765,一般
813,22,78,108,正常
814,25,96,153,正常
815,47,67,255,一般
816,54,33,778,一般
817,45,28,589,一般
818,27,63,166,正常
819,47,40,296,一般
820,85,16,672,严重
821,24,60,0,正常
822,31,47,373,一般
823,25,90,75,正常
824,80,23,517,严重
825,23,90,120,正常
826,94,21,518,严重
827,22,,235,正常
828,23,64,129,正常
829,82,9,792,严重
830,45,67,401,一般
831,94,1,843,严重
832,41,45,271,一般
833,70,29,723,一般
834,91,2,575,严重
835,80,28,617,严重
836,84,22,679,一般
837,85,12,777,严重
838,61,28,477,一般
839,29,86,44,正常
840,26,95,168,正常
841,44,32,155,一般
842,37,37,397,一般
843,49,20,469,一般
844,23,66,144,正常
845,63,30,654,一般
846,63,39,492,一般
847,35,56,234,一般
848,27,87,187,正常
849,83,25,948,严重
850,74,22,436,一般
851,49,38,426,一般
852,39,52,313,一般
853,27,89,15,正常
854,33,30,370,一般
855,46,49,490,一般
856,30,59,287,一般
857,96,21,947,严重
858,48,44,456,一般
859,84,6,788,严重
860,46,46,379,一般
861,82,17,709,严重
862,21,65,168,正常
863,30,57,240,一般
864,45,66,452,一般
865,24,61,143,正常
866,84,19,719,严重
867,82,23,904,一般
868,88,28,875,严重
869,83,3,677,严重
870,70,27,734,一般
871,29,86,63,正常
872,31,37,329,一般
873,67,26,899,一般
874,49,27,741,一般
875,23,99,84,正常
876,49,70,,正常
877,20,63,146,正常
878,20,69,39,正常
879,69,37,586,一般
880,59,26,736,一般
881,34,40,214,一般
882,45,64,321,一般
883,55,25,781,一般
884,23,79,182,正常
885,70,34,896,一般
886,39,32,188,一般
887,43,54,455,一般
888,27,,672,正常
889,72,30,774,一般
890,49,28,816,一般
891,,29,195,正常
892,26,77,53,正常
893,40,32,249,一般
894,55,34,790,一般
895,94,25,520,严重
896,52,23,727,一般
897,45,46,189,一般
898,58,30,619,一般
899,99,12,840,严重
900,22,90,136,正常
901,20,61,171,正常
902,87,6,829,严重
903,90,8,700,严重
904,290,76,423,正常
905,85,9,758,严重
906,26,86,69,正常
907,80,16,750,严重
908,27,78,57,正常
909,52,37,916,一般
910,47,68,313,一般
911,80,20,694,严重
912,26,69,99,正常
913,33,60,208,一般
914,84,12,611,严重
915,47,44,334,一般
916,94,9,508,严重
917,41,44,468,一般
918,82,27,989,一般
919,87,9,555,严重
920,49,65,401,一般
921,44,61,303,一般
922,48,27,589,一般
923,98,16,932,严重
924,96,24,947,严重
925,70,39,540,一般
926,22,64,150,正常
927,36,61,298,一般
928,94,15,797,严重
929,35,58,363,一般
930,30,42,287,一般
931,69,37,818,一般
932,24,66,174,正常
933,46,37,303,一般
934,66,98,,正常
935,90,5,702,严重
936,84,38,912,一般
937,72,29,739,一般
938,38,34,381,一般
939,37,39,477,一般
940,54,31,880,一般
941,87,16,731,严重
942,23,81,59,正常
943,38,47,377,一般
944,98,28,684,严重
945,79,38,452,一般
946,93,29,541,严重
947,26,73,109,正常
948,20,73,108,正常
949,42,51,166,一般
950,70,39,883,一般
951,46,61,405,一般
952,86,15,991,严重
953,87,2,564,严重
954,41,67,325,一般
955,38,33,184,一般
956,68,34,935,一般
957,25,91,190,正常
958,97,3,733,严重
959,26,83,169,正常
960,72,22,581,一般
961,85,24,717,严重
962,23,75,39,正常
963,37,46,385,一般
964,89,2,608,严重
965,28,90,63,正常
966,29,79,0,正常
967,96,23,532,严重
968,85,14,757,严重
969,85,12,517,严重
970,54,24,755,一般
971,20,93,183,正常
972,38,57,460,一般
973,97,18,784,严重
974,24,94,118,正常
975,47,30,213,一般
976,29,72,70,正常
977,51,28,866,一般
978,32,44,319,一般
979,48,56,483,一般
980,26,75,148,正常
981,26,84,181,正常
982,77,21,981,一般
983,91,15,824,严重
984,96,25,542,严重
985,80,23,762,严重
986,80,29,783,严重
987,20,99,120,正常
988,26,64,104,正常
989,85,13,621,严重
990,85,9,875,严重
991,84,28,531,严重
992,98,24,922,严重
993,50,37,888,一般
994,22,73,67,正常
995,90,29,869,严重
996,82,27,997,严重
997,99,16,767,严重
998,39,39,283,一般
999,59,23,976,一般
1000,41,58,440,一般
1001,92,28,867,严重
1002,45,60,400,一般
1003,83,17,812,严重
1004,35,46,239,一般
1005,99,22,933,严重
1006,98,28,607,严重
1007,37,55,464,一般
1008,96,22,977,严重
1009,37,34,296,一般
1010,26,88,83,正常
1011,78,34,526,一般
1012,59,28,663,一般
1013,85,13,965,严重
1014,90,1,561,严重
1015,89,15,807,严重
1016,44,49,236,一般
1017,86,9,821,严重
1018,33,34,367,一般
1019,89,22,951,严重
1020,94,4,771,严重
1021,86,21,837,严重
1022,36,32,339,一般
1023,26,95,139,正常
1024,90,7,728,严重
1025,27,74,134,正常
1026,39,95,,正常
1027,64,38,520,一般
1028,85,1,926,严重
1029,47,37,313,一般
1030,26,83,4,正常
1031,22,75,105,正常
1032,45,66,306,一般
1033,21,91,141,正常
1034,55,34,753,一般
1035,61,32,732,一般
1036,93,19,920,严重
1037,78,25,847,一般
1038,88,10,659,严重
1039,20,60,66,正常
1040,89,3,970,严重
1041,40,30,337,一般
1042,37,61,266,一般
1043,47,37,538,一般
1044,29,72,141,正常
1045,86,20,960,严重
1046,20,66,49,正常
1047,29,81,106,正常
1048,71,30,776,一般
1049,27,89,183,正常
1050,26,70,79,正常
1051,49,50,156,一般
1052,92,27,824,严重
1053,86,23,565,严重
1054,41,30,375,一般
1055,21,87,173,正常
1056,75,33,592,一般
1057,86,12,675,严重
1058,45,27,936,一般
1059,26,63,76,正常
1060,99,14,554,严重
1061,26,81,148,正常
1062,77,35,832,一般
1063,82,25,610,一般
1064,36,63,167,一般
1065,52,28,665,一般
1066,22,91,67,正常
1067,58,20,519,一般
1068,24,89,22,正常
1069,74,20,615,一般
1070,99,7,866,严重
1071,92,21,784,严重
1072,22,69,128,正常
1073,72,37,885,一般
1074,44,63,462,一般
1075,30,41,169,一般
1076,92,19,910,严重
1077,24,70,79,正常
1078,21,79,5,正常
1079,28,68,160,正常
1080,86,2,704,严重
1081,63,23,764,一般
1082,36,58,399,一般
1083,88,5,740,严重
1084,44,35,376,一般
1085,54,32,653,一般
1086,37,35,481,一般
1087,80,29,879,严重
1088,65,28,983,一般
1089,46,31,501,一般
1090,26,82,68,正常
1091,99,17,879,严重
1092,23,68,73,正常
1093,21,85,46,正常
1094,33,48,189,一般
1095,47,55,259,一般
1096,69,36,859,一般
1097,93,12,,正常
1098,27,80,120,正常
1099,98,28,800,严重
1100,56,30,976,一般
1101,63,35,767,一般
1102,51,34,592,一般
1103,28,91,168,正常
1104,29,61,147,正常
1105,25,71,89,正常
1106,30,33,164,一般
1107,25,61,112,正常
1108,69,35,958,一般
1109,37,34,461,一般
1110,52,31,527,一般
1111,26,98,11,正常
1112,58,20,727,一般
1113,92,6,505,严重
1114,31,37,236,一般
1115,44,67,328,一般
1116,48,35,437,一般
1117,55,26,596,一般
1118,65,27,733,一般
1119,34,60,430,一般
1120,67,27,813,一般
1121,41,43,255,一般
1122,46,38,445,一般
1123,82,26,433,一般
1124,56,35,600,一般
1125,45,28,959,一般
1126,98,29,643,严重
1127,48,23,581,一般
1128,39,33,334,一般
1129,27,75,98,正常
1130,98,16,965,严重
1131,88,24,995,严重
1132,35,56,207,一般
1133,46,59,376,一般
1134,98,11,634,严重
1135,28,81,154,正常
1136,95,10,593,严重
1137,76,38,404,一般
1138,29,86,73,正常
1139,43,57,324,一般
1140,82,37,695,一般
1141,85,18,850,严重
1142,96,12,500,严重
1143,,10,935,正常
1144,57,39,525,一般
1145,40,46,459,一般
1146,74,22,489,一般
1147,86,26,911,严重
1148,29,95,83,正常
1149,47,37,492,一般
1150,35,56,413,一般
1151,66,25,643,一般
1152,90,5,759,严重
1153,23,70,31,正常
1154,42,60,428,一般
1155,60,29,848,一般
1156,23,98,180,正常
1157,73,35,563,一般
1158,83,12,517,严重
1159,40,59,192,一般
1160,68,20,472,一般
1161,38,40,423,一般
1162,68,32,670,一般
1163,54,39,771,一般
1164,30,64,220,一般
1165,84,29,873,严重
1166,27,75,24,正常
1167,23,89,140,正常
1168,40,68,314,一般
1169,25,60,140,正常
1170,24,82,194,正常
1171,42,64,447,一般
1172,34,56,167,一般
1173,98,23,659,严重
1174,46,44,245,一般
1175,296,40,954,正常
1176,31,64,212,一般
1177,50,30,943,一般
1178,46,36,971,一般
1179,20,96,124,正常
1180,21,65,37,正常
1181,79,28,649,一般
1182,38,47,322,一般
1183,89,28,691,严重
1184,30,54,273,一般
1185,52,22,542,一般
1186,23,62,66,正常
1187,27,82,120,正常
1188,39,31,296,一般
1189,34,52,160,一般
1190,77,29,911,一般
1191,80,29,557,严重
1192,50,22,413,一般
1193,80,13,667,严重
1194,81,25,830,一般
1195,58,21,904,一般
1196,97,22,884,严重
1197,85,15,743,严重
1198,84,14,848,严重
1199,34,60,327,一般
1200,21,97,83,正常
1201,38,36,404,一般
1202,84,30,476,一般
1203,44,44,329,一般
1204,92,13,548,严重
1205,22,80,113,正常
1206,224,88,155,正常
1207,22,91,95,正常
1208,83,23,584,严重
1209,22,,689,正常
1210,48,47,188,一般
1211,22,94,191,正常
1212,96,28,705,严重
1213,21,70,10,正常
1214,36,42,227,一般
1215,65,33,672,一般
1216,80,17,700,严重
1217,96,23,698,严重
1218,88,14,699,严重
1219,95,25,548,严重
1220,41,60,294,一般
1221,75,32,605,一般
1222,83,23,610,严重
1223,88,16,889,严重
1224,46,57,413,一般
1225,35,43,482,一般
1226,86,13,574,严重
1227,41,63,396,一般
1228,21,72,14,正常
1229,84,22,858,一般
1230,96,7,504,严重
1231,21,82,66,正常
1232,25,80,172,正常
1233,94,19,881,严重
1234,56,37,787,一般
1235,38,46,454,一般
1236,98,3,816,严重
1237,37,37,198,一般
1238,25,84,31,正常
1239,76,20,455,一般
1240,50,30,787,一般
1241,47,23,694,一般
1242,47,38,154,一般
1243,28,61,165,正常
1244,44,49,411,一般
1245,99,3,748,严重
1246,91,23,771,严重
1247,77,30,778,一般
1248,51,29,997,一般
1249,37,30,234,一般
1250,20,85,101,正常
1251,22,68,102,正常
1252,22,68,185,正常
1253,84,9,545,严重
1254,82,26,666,严重
1255,36,47,224,一般
1256,32,287,658,正常
1257,89,22,514,严重
1258,91,21,822,严重
1259,80,11,535,严重
1260,25,96,196,正常
1261,44,68,334,一般
1262,94,5,662,严重
1263,39,66,470,一般
1264,21,71,76,正常
1265,85,4,916,严重
1266,90,0,903,严重
1267,32,66,282,一般
1268,46,63,184,一般
1269,49,39,825,一般
1270,22,84,144,正常
1271,47,27,623,一般
1272,48,60,413,一般
1273,47,52,336,一般
1274,90,8,700,严重
1275,43,64,227,一般
1276,93,7,697,严重
1277,80,33,581,一般
1278,84,26,410,一般
1279,46,39,528,一般
1280,35,49,318,一般
1281,83,21,593,严重
1282,77,39,790,一般
1283,95,7,874,严重
1284,71,26,955,一般
1285,28,63,173,正常
1286,79,34,554,一般
1287,35,52,347,一般
1288,40,62,420,一般
1289,91,5,584,严重
1290,67,34,862,一般
1291,54,29,620,一般
1292,36,69,153,一般
1293,26,90,70,正常
1294,56,38,925,一般
1295,86,24,808,严重
1296,48,24,733,一般
1297,83,29,712,严重
1298,22,94,52,正常
1299,22,86,119,正常
1300,59,36,705,一般
1301,35,38,162,一般
1302,67,25,626,一般
1303,22,72,19,正常
1304,41,58,201,一般
1305,80,18,744,严重
1306,68,31,644,一般
1307,83,0,554,严重
1308,31,55,443,一般
1309,25,97,139,正常
1310,45,40,472,一般
1311,46,36,418,一般
1312,90,28,999,严重
1313,50,30,900,一般
1314,37,41,438,一般
1315,32,36,155,一般
1316,35,37,401,一般
1317,85,1,728,严重
1318,93,17,537,严重
1319,83,20,970,一般
1320,23,67,186,正常
1321,65,39,887,一般
1322,98,21,951,严重
1323,29,61,15,正常
1324,28,87,156,正常
1325,26,72,27,正常
1326,76,23,710,一般
1327,94,21,795,严重
1328,46,45,205,一般
1329,64,95,2103,正常
1330,22,77,161,正常
1331,95,16,986,严重
1332,82,20,448,一般
1333,98,28,800,严重
1334,91,21,794,严重
1335,78,39,845,一般
1336,55,35,974,一般
1337,46,31,325,一般
1338,29,75,155,正常
1339,26,68,48,正常
1340,61,35,465,一般
1341,43,67,354,一般
1342,50,23,671,一般
1343,30,68,465,一般
1344,66,20,960,一般
1345,86,16,854,严重
1346,64,30,854,一般
1347,31,41,423,一般
1348,54,28,447,一般
1349,74,39,864,一般
1350,22,69,99,正常
1351,69,35,938,一般
1352,21,99,14,正常
1353,21,79,47,正常
1354,86,3,764,严重
1355,66,20,656,一般
1356,93,21,781,严重
1357,97,8,580,严重
1358,86,10,941,严重
1359,55,31,618,一般
1360,75,21,522,一般
1361,86,6,621,严重
1362,27,89,94,正常
1363,74,21,797,一般
1364,34,51,462,一般
1365,38,35,349,一般
1366,98,9,780,严重
1367,50,23,977,一般
1368,26,87,67,正常
1369,82,28,886,一般
1370,89,18,721,严重
1371,81,20,921,严重
1372,47,36,318,一般
1373,45,31,415,一般
1374,22,92,68,正常
1375,46,60,276,一般
1376,20,89,136,正常
1377,92,5,629,严重
1378,36,54,236,一般
1379,87,4,693,严重
1380,29,99,161,正常
1381,66,37,406,一般
1382,63,23,424,一般
1383,75,32,407,一般
1384,40,39,442,一般
1385,82,11,738,严重
1386,43,62,267,一般
1387,47,31,414,一般
1388,80,19,923,严重
1389,46,67,444,一般
1390,83,23,505,严重
1391,23,92,126,正常
1392,25,88,192,正常
1393,29,60,147,正常
1394,21,66,110,正常
1395,82,27,463,一般
1396,49,34,316,一般
1397,40,46,218,一般
1398,57,26,542,一般
1399,21,75,189,正常
1400,46,25,776,一般
1401,26,66,40,正常
1402,48,45,331,一般
1403,49,33,386,一般
1404,24,78,69,正常
1405,51,37,923,一般
1406,39,38,384,一般
1407,44,38,161,一般
1408,32,32,186,一般
1409,86,6,516,严重
1410,27,94,173,正常
1411,87,28,825,严重
1412,49,64,340,一般
1413,80,20,852,严重
1414,20,83,144,正常
1415,94,24,971,严重
1416,71,36,905,一般
1417,23,64,27,正常
1418,88,6,583,严重
1419,26,79,9,正常
1420,68,37,463,一般
1421,32,42,451,一般
1422,85,21,563,严重
1423,69,35,798,一般
1424,26,83,36,正常
1425,20,,9,正常
1426,46,35,579,一般
1427,81,21,990,严重
1428,29,67,77,正常
1429,52,23,637,一般
1430,51,22,793,一般
1431,83,38,,正常
1432,96,15,849,严重
1433,44,45,458,一般
1434,60,22,985,一般
1435,35,68,381,一般
1436,86,15,831,严重
1437,30,49,393,一般
1438,91,6,949,严重
1439,21,62,126,正常
1440,79,83,,正常
1441,66,32,807,一般
1442,45,66,289,一般
1443,49,58,450,一般
1444,84,20,878,严重
1445,55,29,437,一般
1446,55,32,965,一般
1447,48,31,482,一般
1448,50,23,711,一般
1449,32,46,446,一般
1450,21,77,170,正常
1451,39,60,356,一般
1452,28,83,83,正常
1453,92,16,595,严重
1454,27,93,36,正常
1455,22,88,39,正常
1456,78,29,404,一般
1457,90,0,649,严重
1458,25,72,135,正常
1459,26,93,120,正常
1460,72,31,515,一般
1461,90,4,944,严重
1462,28,70,128,正常
1463,32,36,385,一般
1464,94,16,571,严重
1465,94,1,898,严重
1466,85,21,772,严重
1467,48,34,572,一般
1468,36,64,495,一般
1469,20,80,187,正常
1470,41,37,193,一般
1471,21,75,30,正常
1472,31,57,285,一般
1473,22,71,115,正常
1474,89,9,610,严重
1475,25,63,63,正常
1476,40,43,465,一般
1477,97,3,724,严重
1478,38,56,341,一般
1479,92,19,927,严重
1480,83,14,605,严重
1481,74,27,959,一般
1482,95,13,614,严重
1483,95,3,946,严重
1484,48,37,507,一般
1485,31,68,235,一般
1486,27,81,19,正常
1487,28,79,180,正常
1488,20,74,33,正常
1489,20,89,122,正常
1490,45,66,246,一般
1491,87,14,601,严重
1492,82,2,809,严重
1493,88,26,525,严重
1494,59,24,941,一般
1495,95,2,953,严重
1496,31,65,333,一般
1497,20,,563,正常
1498,33,61,337,一般
1499,23,,784,正常
1500,81,0,529,严重
1501,43,59,221,一般
1502,20,88,0,正常
1503,48,31,760,一般
1504,25,16,2173,正常
1505,27,99,3,正常
1506,29,64,84,正常
1507,81,28,853,严重
1508,98,7,875,严重
1509,74,31,458,一般
1510,27,67,88,正常
1511,65,38,990,一般
1512,28,84,165,正常
1513,44,36,449,一般
1514,23,72,111,正常
1515,56,37,721,一般
1516,37,67,340,一般
1517,29,99,96,正常
1518,63,32,927,一般
1519,23,62,180,正常
1520,26,73,179,正常
1521,98,8,612,严重
1522,90,27,656,严重
1523,35,95,,正常
1524,44,34,410,一般
1525,97,21,649,严重
1526,72,33,409,一般
1527,97,5,677,严重
1528,38,33,184,一般
1529,27,87,143,正常
1530,35,65,416,一般
1531,28,88,152,正常
1532,65,22,816,一般
1533,60,23,704,一般
1534,29,74,178,正常
1535,97,16,684,严重
1536,21,65,8,正常
1537,46,33,581,一般
1538,21,87,14,正常
1539,48,38,990,一般
1540,83,28,777,严重
1541,20,90,159,正常
1542,26,87,82,正常
1543,81,16,627,严重
1544,29,76,76,正常
1545,26,74,101,正常
1546,23,82,139,正常
1547,48,22,613,一般
1548,83,6,821,严重
1549,71,31,834,一般
1550,22,93,40,正常
1551,30,40,483,一般
1552,82,30,567,一般
1553,83,27,833,严重
1554,25,84,91,正常
1555,80,24,599,严重
1556,27,91,99,正常
1557,26,69,136,正常
1558,31,35,257,一般
1559,22,72,192,正常
1560,20,60,34,正常
1561,92,7,723,严重
1562,29,87,33,正常
1563,23,78,61,正常
1564,34,66,478,一般
1565,45,58,468,一般
1566,82,4,762,严重
1567,26,89,126,正常
1568,44,31,212,一般
1569,23,77,2149,正常
1570,23,68,14,正常
1571,98,1,582,严重
1572,21,76,54,正常
1573,25,61,39,正常
1574,32,57,271,一般
1575,23,63,60,正常
1576,21,86,154,正常
1577,97,8,770,严重
1578,93,26,570,严重
1579,21,63,27,正常
1580,42,44,274,一般
1581,27,86,50,正常
1582,82,18,943,严重
1583,95,13,585,严重
1584,28,70,149,正常
1585,87,16,677,严重
1586,46,34,908,一般
1587,48,34,462,一般
1588,22,71,64,正常
1589,62,36,606,一般
1590,22,72,52,正常
1591,36,34,170,一般
1592,23,74,41,正常
1593,88,7,640,严重
1594,48,35,881,一般
1595,39,52,230,一般
1596,76,29,622,一般
1597,43,53,296,一般
1598,48,34,251,一般
1599,70,31,883,一般
1600,45,20,857,一般
1601,25,92,111,正常
1602,40,31,440,一般
1603,24,60,155,正常
1604,50,32,531,一般
1605,43,52,264,一般
1606,96,4,970,严重
1607,35,44,381,一般
1608,68,29,565,一般
1609,49,49,372,一般
1610,51,32,689,一般
1611,255,15,525,正常
1612,40,27,,正常
1613,26,71,101,正常
1614,85,21,991,严重
1615,52,35,563,一般
1616,87,22,536,严重
1617,96,8,567,严重
1618,31,57,465,一般
1619,64,39,442,一般
1620,42,40,483,一般
1621,40,31,341,一般
1622,24,96,165,正常
1623,86,12,840,严重
1624,30,32,164,一般
1625,35,36,396,一般
1626,89,2,908,严重
1627,82,34,455,一般
1628,88,29,992,严重
1629,45,47,375,一般
1630,77,32,590,一般
1631,25,70,27,正常
1632,87,5,622,严重
1633,47,34,380,一般
1634,25,67,65,正常
1635,21,79,107,正常
1636,73,20,946,一般
1637,26,98,21,正常
1638,66,21,746,一般
1639,28,67,34,正常
1640,66,24,935,一般
1641,29,66,132,正常
1642,45,55,354,一般
1643,24,76,197,正常
1644,32,49,220,一般
1645,28,87,55,正常
1646,26,81,37,正常
1647,85,23,812,严重
1648,99,21,542,严重
1649,43,48,406,一般
1650,68,25,455,一般
1651,65,21,500,一般
1652,21,60,143,正常
1653,24,81,37,正常
1654,25,77,186,正常
1655,90,22,626,严重
1656,81,39,696,一般
1657,76,39,585,一般
1658,97,15,782,严重
1659,72,32,453,一般
1660,35,60,199,一般
1661,37,62,365,一般
1662,40,41,191,一般
1663,75,36,893,一般
1664,23,81,7,正常
1665,99,25,702,严重
1666,99,13,999,严重
1667,82,34,907,一般
1668,44,61,411,一般
1669,86,25,665,严重
1670,98,0,787,严重
1671,31,30,201,一般
1672,22,63,177,正常
1673,83,26,443,一般
1674,88,241,304,正常
1675,28,72,16,正常
1676,80,28,803,严重
1677,23,83,82,正常
1678,25,67,197,正常
1679,54,26,995,一般
1680,21,71,31,正常
1681,99,13,747,严重
1682,29,98,168,正常
1683,29,78,144,正常
1684,45,55,253,一般
1685,42,35,366,一般
1686,51,20,732,一般
1687,94,4,932,严重
1688,46,67,334,一般
1689,87,0,619,严重
1690,26,96,64,正常
1691,94,29,842,严重
1692,93,29,921,严重
1693,86,2,974,严重
1694,61,23,482,一般
1695,22,63,156,正常
1696,49,56,352,一般
1697,60,25,857,一般
1698,47,53,368,一般
1699,45,42,370,一般
1700,20,89,14,正常
1701,92,4,826,严重
1702,99,4,999,严重
1703,27,88,137,正常
1704,44,54,425,一般
1705,95,14,582,严重
1706,94,27,916,严重
1707,37,62,398,一般
1708,53,76,,正常
1709,40,39,156,一般
1710,38,46,293,一般
1711,93,16,851,严重
1712,32,57,206,一般
1713,70,23,578,一般
1714,91,19,716,严重
1715,29,99,110,正常
1716,90,12,697,严重
1717,90,8,965,严重
1718,31,35,292,一般
1719,49,32,264,一般
1720,68,26,829,一般
1721,34,41,283,一般
1722,55,30,990,一般
1723,30,37,173,一般
1724,92,19,557,严重
1725,27,77,156,正常
1726,35,50,415,一般
1727,42,31,253,一般
1728,94,8,997,严重
1729,81,16,606,严重
1730,86,21,728,严重
1731,57,22,647,一般
1732,81,6,930,严重
1733,27,61,130,正常
1734,70,24,681,一般
1735,29,61,72,正常
1736,34,67,208,一般
1737,26,61,77,正常
1738,55,34,798,一般
1739,88,19,804,严重
1740,66,33,808,一般
1741,29,61,106,正常
1742,62,32,982,一般
1743,41,60,294,一般
1744,87,29,512,严重
1745,25,72,14,正常
1746,23,61,138,正常
1747,87,27,901,严重
1748,33,59,305,一般
1749,41,58,282,一般
1750,20,74,18,正常
1751,,46,808,正常
1752,23,75,145,正常
1753,94,15,860,严重
1754,21,77,119,正常
1755,90,5,670,严重
1756,89,27,882,严重
1757,38,63,415,一般
1758,37,33,395,一般
1759,54,31,855,一般
1760,26,68,146,正常
1761,62,24,454,一般
1762,37,47,491,一般
1763,48,38,775,一般
1764,98,14,829,严重
1765,45,43,351,一般
1766,42,51,166,一般
1767,48,39,179,一般
1768,53,25,568,一般
1769,80,38,639,一般
1770,88,8,694,严重
1771,32,40,380,一般
1772,45,51,150,一般
1773,97,28,616,严重
1774,82,29,765,一般
1775,70,29,570,一般
1776,60,30,559,一般
1777,61,35,918,一般
1778,95,9,660,严重
1779,30,41,169,一般
1780,80,27,769,一般
1781,66,25,643,一般
1782,90,0,775,严重
1783,35,67,469,一般
1784,44,57,327,一般
1785,37,35,151,一般
1786,30,45,440,一般
1787,27,69,173,正常
1788,58,28,677,一般
1789,69,24,560,一般
1790,81,3,724,严重
1791,27,70,142,正常
1792,24,97,102,正常
1793,99,4,535,严重
1794,83,8,955,严重
1795,44,30,162,一般
1796,64,38,966,一般
1797,21,76,93,正常
1798,29,77,86,正常
1799,96,26,874,严重
1800,73,33,825,一般
1801,39,59,199,一般
1802,49,46,298,一般
1803,24,67,57,正常
1804,98,25,822,严重
1805,88,13,658,严重
1806,82,10,551,严重
1807,82,15,879,严重
1808,99,0,871,严重
1809,39,45,220,一般
1810,56,33,588,一般
1811,59,27,819,一般
1812,73,23,669,一般
1813,20,63,23,正常
1814,97,20,858,严重
1815,29,99,198,正常
1816,82,19,560,严重
1817,86,3,887,严重
1818,85,25,699,严重
1819,24,63,140,正常
1820,99,28,889,严重
1821,44,54,295,一般
1822,256,83,734,正常
1823,29,86,153,正常
1824,93,21,509,严重
1825,24,97,36,正常
1826,36,55,353,一般
1827,46,36,161,一般
1828,81,38,594,一般
1829,42,35,496,一般
1830,50,28,980,一般
1831,90,25,516,严重
1832,50,39,494,一般
1833,80,13,809,严重
1834,22,88,54,正常
1835,92,1,869,严重
1836,38,67,246,一般
1837,74,37,659,一般
1838,39,67,168,一般
1839,28,77,139,正常
1840,96,8,617,严重
1841,60,36,2213,正常
1842,54,22,432,一般
1843,46,42,254,一般
1844,84,9,865,严重
1845,29,86,46,正常
1846,81,7,658,严重
1847,27,65,154,正常
1848,45,65,188,一般
1849,67,24,963,一般
1850,43,59,397,一般
1851,35,42,275,一般
1852,29,95,7,正常
1853,20,79,5,正常
1854,96,10,715,严重
1855,39,53,183,一般
1856,80,9,610,严重
1857,97,7,545,严重
1858,73,22,916,一般
1859,66,34,789,一般
1860,89,4,627,严重
1861,80,16,774,严重
1862,95,11,864,严重
1863,89,2,938,严重
1864,26,64,129,正常
1865,51,24,672,一般
1866,61,258,266,正常
1867,74,38,609,一般
1868,244,44,642,正常
1869,78,32,667,一般
1870,36,58,469,一般
1871,28,61,129,正常
1872,94,26,744,严重
1873,30,68,413,一般
1874,82,7,506,严重
1875,81,32,811,一般
1876,63,30,596,一般
1877,82,8,688,严重
1878,32,53,335,一般
1879,78,21,548,一般
1880,50,35,614,一般
1881,58,34,525,一般
1882,23,94,90,正常
1883,46,58,488,一般
1884,67,39,466,一般
1885,86,15,866,严重
1886,67,26,415,一般
1887,23,80,75,正常
1888,48,37,334,一般
1889,28,73,113,正常
1890,52,35,541,一般
1891,36,31,206,一般
1892,32,50,248,一般
1893,22,65,25,正常
1894,23,82,123,正常
1895,29,68,85,正常
1896,86,24,968,严重
1897,21,67,118,正常
1898,89,2,833,严重
1899,47,35,478,一般
1900,49,47,372,一般
1901,47,36,206,一般
1902,94,16,518,严重
1903,35,44,393,一般
1904,53,32,495,一般
1905,95,2,725,严重
1906,94,3,816,严重
1907,89,24,910,严重
1908,34,40,208,一般
1909,40,66,302,一般
1910,45,27,484,一般
1911,25,80,65,正常
1912,88,26,805,严重
1913,39,43,195,一般
1914,23,87,82,正常
1915,27,76,183,正常
1916,41,35,200,一般
1917,22,94,173,正常
1918,46,62,236,一般
1919,27,80,84,正常
1920,40,42,441,一般
1921,98,11,634,严重
1922,34,57,433,一般
1923,34,67,392,一般
1924,81,3,844,严重
1925,22,87,155,正常
1926,86,27,869,严重
1927,46,45,173,一般
1928,46,36,910,一般
1929,79,264,830,正常
1930,27,63,45,正常
1931,93,87,,正常
1932,27,61,159,正常
1933,86,13,779,严重
1934,23,95,35,正常
1935,30,50,230,一般
1936,29,67,3,正常
1937,93,17,733,严重
1938,20,81,171,正常
1939,46,30,242,一般
1940,47,37,881,一般
1941,25,61,65,正常
1942,43,39,282,一般
1943,49,41,277,一般
1944,47,29,856,一般
1945,39,45,299,一般
1946,95,16,858,严重
1947,24,85,87,正常
1948,99,14,641,严重
1949,92,20,637,严重
1950,75,28,907,一般
1951,21,85,9,正常
1952,23,95,35,正常
1953,46,48,192,一般
1954,225,26,362,正常
1955,39,46,398,一般
1956,52,35,860,一般
1957,46,38,531,一般
1958,58,34,705,一般
1959,45,61,385,一般
1960,26,99,23,正常
1961,82,23,833,严重
1962,29,82,104,正常
1963,20,81,187,正常
1964,26,90,149,正常
1965,92,24,521,严重
1966,22,68,49,正常
1967,43,32,421,一般
1968,70,31,760,一般
1969,25,84,58,正常
1970,89,5,721,严重
1971,52,30,720,一般
1972,26,72,125,正常
1973,92,3,601,严重
1974,83,34,556,一般
1975,23,68,27,正常
1976,97,18,798,严重
1977,32,37,392,一般
1978,27,85,68,正常
1979,35,60,313,一般
1980,52,36,878,一般
1981,81,24,609,一般
1982,54,21,497,一般
1983,76,33,466,一般
1984,88,9,989,严重
1985,78,30,680,一般
1986,56,27,418,一般
1987,28,68,48,正常
1988,26,91,182,正常
1989,44,34,361,一般
1990,35,60,313,一般
1991,90,5,637,严重
1992,62,21,941,一般
1993,24,83,99,正常
1994,81,26,768,严重
1995,92,29,976,严重
1996,30,65,209,一般
1997,20,61,86,正常
1998,75,35,471,一般
1999,31,37,371,一般
2000,23,97,4,正常
2001,36,36,177,一般
2002,43,62,395,一般
2003,23,90,107,正常
2004,59,35,807,一般
2005,43,44,474,一般
2006,92,23,933,严重
2007,31,59,271,一般
2008,77,32,635,一般
2009,66,26,708,一般
2010,27,84,180,正常
2011,67,27,625,一般
2012,28,,194,正常
2013,47,35,680,一般
2014,65,21,647,一般
2015,46,67,363,一般
2016,48,36,447,一般
2017,81,24,975,严重
2018,26,65,97,正常
2019,25,90,166,正常
2020,25,96,82,正常
2021,84,29,954,一般
2022,27,88,149,正常
2023,66,32,660,一般
2024,35,35,395,一般
2025,25,71,33,正常
2026,82,9,962,严重
2027,95,29,822,严重
2028,20,94,199,正常
2029,59,26,926,一般
2030,81,27,991,严重
2031,46,56,492,一般
2032,40,40,368,一般
2033,32,64,340,一般
2034,83,24,511,一般
2035,65,35,791,一般
2036,27,72,178,正常
2037,24,81,194,正常
2038,52,25,549,一般
2039,26,96,21,正常
2040,28,90,136,正常
2041,95,25,505,严重
2042,26,95,73,正常
2043,24,73,134,正常
2044,54,26,880,一般
2045,20,91,47,正常
2046,41,55,418,一般
2047,96,27,918,严重
2048,27,67,85,正常
2049,99,4,631,严重
2050,87,13,797,严重
2051,39,68,245,一般
2052,22,75,2,正常
2053,69,37,902,一般
2054,44,35,423,一般
2055,80,1,762,严重
2056,29,94,118,正常
2057,37,39,275,一般
2058,27,85,45,正常
2059,39,41,151,一般
2060,51,23,487,一般
2061,82,9,909,严重
2062,86,12,818,严重
2063,20,80,186,正常
2064,90,1,941,严重
2065,41,43,364,一般
2066,99,17,581,严重
2067,99,4,972,严重
2068,47,32,163,一般
2069,27,65,3,正常
2070,78,38,427,一般
2071,20,62,149,正常
2072,24,95,182,正常
2073,67,20,534,一般
2074,50,21,687,一般
2075,22,85,151,正常
2076,43,38,219,一般
2077,81,24,680,严重
2078,85,7,543,严重
2079,82,12,899,严重
2080,30,45,398,一般
2081,83,33,844,一般
2082,83,2,849,严重
2083,74,21,952,一般
2084,29,82,94,正常
2085,22,92,114,正常
2086,24,81,149,正常
2087,20,82,52,正常
2088,34,44,321,一般
2089,38,56,274,一般
2090,53,32,,正常
2091,98,28,917,严重
2092,29,,342,正常
2093,52,29,831,一般
2094,86,2,643,严重
2095,24,84,106,正常
2096,99,270,149,正常
2097,21,1,,正常
2098,25,88,103,正常
2099,29,66,94,正常
2100,29,84,97,正常
2101,47,39,216,一般
2102,45,49,440,一般
2103,98,13,641,严重
2104,96,0,558,严重
2105,21,,579,正常
2106,39,64,204,一般
2107,48,24,810,一般
2108,48,24,633,一般
2109,84,21,610,一般
2110,24,90,63,正常
2111,61,30,772,一般
2112,97,26,825,严重
2113,22,64,152,正常
2114,85,20,851,严重
2115,20,88,12,正常
2116,50,38,724,一般
2117,82,8,751,严重
2118,59,22,944,一般
2119,48,68,290,一般
2120,47,43,389,一般
2121,49,52,455,一般
2122,44,35,332,一般
2123,75,21,418,一般
2124,78,33,758,一般
2125,31,66,237,一般
2126,81,23,988,严重
2127,83,5,624,严重
2128,27,73,30,正常
2129,49,36,449,一般
2130,93,18,974,严重
2131,32,50,292,一般
2132,97,5,887,严重
2133,84,35,534,一般
2134,20,94,144,正常
2135,91,25,982,严重
2136,24,76,171,正常
2137,24,61,66,正常
2138,83,36,964,一般
2139,63,34,591,一般
2140,20,94,118,正常
2141,93,3,996,严重
2142,23,,776,正常
2143,24,74,158,正常
2144,85,26,962,严重
2145,25,82,159,正常
2146,85,5,514,严重
2147,41,61,427,一般
2148,46,62,160,一般
2149,80,12,671,严重
2150,24,78,101,正常
2151,49,36,724,一般
2152,36,58,499,一般
2153,28,73,185,正常
2154,80,23,503,一般
2155,37,68,491,一般
2156,86,15,974,严重
2157,85,5,650,严重
2158,20,94,142,正常
2159,29,73,103,正常
2160,48,28,780,一般
2161,91,20,767,严重
2162,44,58,336,一般
2163,80,5,691,严重
2164,22,70,141,正常
2165,48,34,490,一般
2166,82,13,548,严重
2167,84,26,996,严重
2168,96,10,951,严重
2169,27,61,173,正常
2170,80,31,927,一般
2171,29,,579,正常
2172,28,,382,正常
2173,99,2,624,严重
2174,46,22,567,一般
2175,51,29,610,一般
2176,36,44,243,一般
2177,36,46,224,一般
2178,23,85,127,正常
2179,92,21,909,严重
2180,47,40,371,一般
2181,45,30,719,一般
2182,31,46,278,一般
2183,45,21,665,一般
2184,36,34,400,一般
2185,33,49,221,一般
2186,76,30,517,一般
2187,54,23,886,一般
2188,65,25,967,一般
2189,82,2,934,严重
2190,26,91,170,正常
2191,24,76,99,正常
2192,27,74,24,正常
2193,92,8,895,严重
2194,22,81,139,正常
2195,42,69,311,一般
2196,99,21,927,严重
2197,49,27,767,一般
2198,85,12,690,严重
2199,20,84,79,正常
2200,74,39,982,一般
2201,47,65,250,一般
2202,80,26,760,一般
2203,27,81,169,正常
2204,25,90,181,正常
2205,46,34,555,一般
2206,34,65,380,一般
2207,34,65,372,一般
2208,27,68,23,正常
2209,56,38,935,一般
2210,37,33,157,一般
2211,32,42,391,一般
2212,42,56,300,一般
2213,44,39,362,一般
2214,20,65,167,正常
2215,33,61,270,一般
2216,74,37,919,一般
2217,41,33,466,一般
2218,23,85,158,正常
2219,30,45,398,一般
2220,80,10,976,严重
2221,30,35,340,一般
2222,36,54,206,一般
2223,63,35,865,一般
2224,25,62,68,正常
2225,86,25,592,严重
2226,71,34,464,一般
2227,39,69,317,一般
2228,29,73,147,正常
2229,54,32,725,一般
2230,38,46,231,一般
2231,28,78,183,正常
2232,91,27,774,严重
2233,45,55,188,一般
2234,33,51,498,一般
2235,35,68,285,一般
2236,32,38,259,一般
2237,44,35,167,一般
2238,47,33,424,一般
2239,25,71,139,正常
2240,20,86,52,正常
2241,39,59,199,一般
2242,95,17,653,严重
2243,96,1,674,严重
2244,98,23,815,严重
2245,95,11,705,严重
2246,46,67,362,一般
2247,24,73,181,正常
2248,81,38,402,一般
2249,33,41,199,一般
2250,25,98,178,正常
2251,91,18,793,严重
2252,95,8,949,严重
2253,21,69,56,正常
2254,81,17,825,严重
2255,81,33,650,一般
2256,48,36,919,一般
2257,80,3,871,严重
2258,41,44,343,一般
2259,249,48,148,正常
2260,79,24,738,一般
2261,91,238,784,正常
2262,28,,610,正常
2263,48,39,246,一般
2264,30,67,333,一般
2265,21,62,149,正常
2266,98,26,795,严重
2267,47,31,165,一般
2268,49,20,835,一般
2269,77,32,531,一般
2270,23,95,167,正常
2271,96,28,878,严重
2272,94,8,899,严重
2273,90,26,988,严重
2274,22,72,107,正常
2275,24,84,173,正常
2276,25,63,44,正常
2277,99,5,800,严重
2278,93,25,696,严重
2279,88,14,926,严重
2280,27,71,18,正常
2281,99,16,691,严重
2282,76,38,896,一般
2283,64,23,640,一般
2284,32,42,406,一般
2285,46,60,171,一般
2286,99,2,809,严重
2287,72,22,940,一般
2288,84,7,634,严重
2289,35,44,292,一般
2290,77,32,690,一般
2291,26,95,157,正常
2292,47,53,262,一般
2293,29,83,13,正常
2294,58,39,888,一般
2295,91,25,929,严重
2296,85,8,676,严重
2297,52,29,803,一般
2298,33,34,367,一般
2299,20,91,63,正常
2300,21,98,52,正常
2301,90,26,996,严重
2302,30,51,171,一般
2303,56,26,745,一般
2304,82,28,724,一般
2305,72,24,758,一般
2306,42,67,188,一般
2307,80,10,841,严重
2308,29,84,196,正常
2309,36,52,343,一般
2310,97,19,944,严重
2311,21,62,89,正常
2312,87,26,784,严重
2313,23,86,77,正常
2314,66,36,860,一般
2315,36,57,395,一般
2316,28,92,140,正常
2317,47,23,994,一般
2318,47,39,406,一般
2319,88,23,566,严重
2320,29,,579,正常
2321,31,63,216,一般
2322,34,34,369,一般
2323,91,25,968,严重
2324,45,32,386,一般
2325,82,15,827,严重
2326,21,61,146,正常
2327,99,23,594,严重
2328,83,25,674,严重
2329,42,69,396,一般
2330,91,21,770,严重
2331,65,26,587,一般
2332,79,28,718,一般
2333,80,12,950,严重
2334,96,17,725,严重
2335,92,3,968,严重
2336,,5,683,正常
2337,48,21,953,一般
2338,49,60,241,一般
2339,,70,31,正常
2340,49,40,245,一般
2341,21,,920,正常
2342,70,33,468,一般
2343,23,98,168,正常
2344,21,96,112,正常
2345,32,47,493,一般
2346,68,22,414,一般
2347,27,95,36,正常
2348,54,25,787,一般
2349,73,29,910,一般
2350,29,64,170,正常
2351,93,1,859,严重
2352,29,62,85,正常
2353,98,14,681,严重
2354,21,69,7,正常
2355,88,10,835,严重
2356,72,21,524,一般
2357,93,13,665,严重
2358,37,53,333,一般
2359,24,96,108,正常
2360,30,68,330,一般
2361,72,37,885,一般
2362,86,25,536,严重
2363,28,76,72,正常
2364,36,39,164,一般
2365,40,52,333,一般
2366,26,80,178,正常
2367,89,25,627,严重
2368,34,30,380,一般
2369,23,75,197,正常
2370,21,78,97,正常
2371,22,97,68,正常
2372,46,56,316,一般
2373,41,40,177,一般
2374,291,97,539,正常
2375,34,49,281,一般
2376,46,46,458,一般
2377,86,21,954,严重
2378,37,63,425,一般
2379,81,23,768,一般
2380,37,37,307,一般
2381,45,67,286,一般
2382,255,13,441,正常
2383,62,25,734,一般
2384,23,91,21,正常
2385,64,23,927,一般
2386,37,63,291,一般
2387,95,5,597,严重
2388,77,23,979,一般
2389,97,22,631,严重
2390,26,66,40,正常
2391,41,45,205,一般
2392,25,95,113,正常
2393,95,19,641,严重
2394,61,37,573,一般
2395,85,8,922,严重
2396,31,64,212,一般
2397,32,30,357,一般
2398,80,25,987,严重
2399,49,61,277,一般
2400,67,24,770,一般
2401,51,30,997,一般
2402,86,17,552,严重
2403,49,39,390,一般
2404,83,28,594,一般
2405,57,26,457,一般
2406,28,63,147,正常
2407,95,7,675,严重
2408,47,31,748,一般
2409,74,39,782,一般
2410,44,38,489,一般
2411,67,20,609,一般
2412,44,35,496,一般
2413,75,25,549,一般
2414,57,20,884,一般
2415,43,33,480,一般
2416,27,66,36,正常
2417,24,61,12,正常
2418,293,79,141,正常
2419,23,60,143,正常
2420,21,76,112,正常
2421,98,16,634,严重
2422,34,60,452,一般
2423,56,31,449,一般
2424,21,66,154,正常
2425,30,36,444,一般
2426,45,69,338,一般
2427,47,55,220,一般
2428,20,80,25,正常
2429,26,78,121,正常
2430,71,26,904,一般
2431,28,79,151,正常
2432,46,44,195,一般
2433,27,70,171,正常
2434,29,98,47,正常
2435,45,56,237,一般
2436,55,22,426,一般
2437,83,13,711,严重
2438,28,64,24,正常
2439,71,37,774,一般
2440,83,36,919,一般
2441,41,39,251,一般
2442,70,24,681,一般
2443,39,41,210,一般
2444,99,23,673,严重
2445,99,16,726,严重
2446,77,38,428,一般
2447,30,64,245,一般
2448,,99,881,正常
2449,22,67,118,正常
2450,22,67,23,正常
2451,72,34,472,一般
2452,34,33,255,一般
2453,23,87,69,正常
2454,68,33,567,一般
2455,70,23,460,一般
2456,87,4,829,严重
2457,95,25,603,严重
2458,83,8,989,严重
2459,88,12,899,严重
2460,96,23,932,严重
2461,22,89,184,正常
2462,41,63,361,一般
2463,26,82,41,正常
2464,29,69,113,正常
2465,37,62,217,一般
2466,23,72,164,正常
2467,54,35,403,一般
2468,43,37,443,一般
2469,74,27,969,一般
2470,28,73,91,正常
2471,80,20,740,严重
2472,76,21,968,一般
2473,89,0,959,严重
2474,47,21,700,一般
2475,28,84,152,正常
2476,39,39,329,一般
2477,38,56,466,一般
2478,20,61,10,正常
2479,53,30,539,一般
2480,68,23,923,一般
2481,92,28,968,严重
2482,32,41,454,一般
2483,82,33,693,一般
2484,,72,99,正常
2485,69,25,912,一般
2486,54,23,886,一般
2487,25,77,99,正常
2488,20,77,50,正常
2489,91,12,852,严重
2490,61,27,614,一般
2491,97,25,856,严重
2492,59,35,965,一般
2493,22,81,111,正常
2494,48,55,192,一般
2495,73,34,432,一般
2496,81,9,988,严重
2497,60,23,704,一般
2498,25,69,67,正常
2499,46,65,313,一般
2500,78,26,459,一般
2501,24,82,116,正常
2502,49,39,610,一般
2503,41,60,365,一般
2504,59,37,810,一般
2505,80,16,523,严重
2506,27,95,85,正常
2507,42,45,451,一般
2508,61,38,677,一般
2509,46,35,579,一般
2510,49,33,871,一般
2511,91,28,731,严重
2512,33,47,164,一般
2513,51,34,582,一般
2514,32,47,428,一般
2515,46,59,180,一般
2516,25,73,137,正常
2517,47,59,439,一般
2518,40,43,304,一般
2519,72,24,551,一般
2520,65,25,877,一般
2521,45,33,657,一般
2522,59,30,538,一般
2523,88,15,553,严重
2524,91,0,949,严重
2525,39,67,176,一般
2526,38,249,789,正常
2527,91,10,600,严重
2528,37,61,166,一般
2529,77,24,476,一般
2530,48,24,862,一般
2531,67,99,,正常
2532,95,16,753,严重
2533,26,94,124,正常
2534,36,42,186,一般
2535,42,67,405,一般
2536,23,69,36,正常
2537,26,95,5,正常
2538,80,10,968,严重
2539,86,27,866,严重
2540,84,23,560,严重
2541,72,36,461,一般
2542,89,5,829,严重
2543,25,66,75,正常
2544,95,16,583,严重
2545,29,77,45,正常
2546,71,20,421,一般
2547,21,63,75,正常
2548,55,33,497,一般
2549,27,85,179,正常
2550,20,72,19,正常
2551,22,69,24,正常
2552,87,7,631,严重
2553,31,47,411,一般
2554,82,14,841,严重
2555,53,38,407,一般
2556,66,36,635,一般
2557,40,39,161,一般
2558,27,88,169,正常
2559,47,42,331,一般
2560,44,47,282,一般
2561,94,19,814,严重
2562,27,89,88,正常
2563,77,38,828,一般
2564,54,55,,正常
2565,28,87,198,正常
2566,89,0,662,严重
2567,86,17,567,严重
2568,40,15,,正常
2569,22,65,45,正常
2570,73,37,758,一般
2571,32,51,304,一般
2572,24,65,169,正常
2573,29,96,191,正常
2574,,29,723,正常
2575,94,22,609,严重
2576,,9,767,正常
2577,47,56,188,一般
2578,85,20,795,严重
2579,98,23,571,严重
2580,46,41,163,一般
2581,98,10,820,严重
2582,22,84,4,正常
2583,97,11,956,严重
2584,65,21,559,一般
2585,36,55,163,一般
2586,74,29,688,一般
2587,68,29,705,一般
2588,96,24,955,严重
2589,28,77,51,正常
2590,77,24,,正常
2591,99,7,866,严重
2592,68,21,611,一般
2593,29,89,105,正常
2594,54,20,991,一般
2595,88,1,511,严重
2596,46,36,990,一般
2597,25,65,97,正常
2598,92,18,674,严重
2599,41,41,189,一般
2600,26,98,167,正常
2601,97,3,871,严重
2602,30,65,297,一般
2603,38,37,289,一般
2604,42,41,461,一般
2605,93,15,837,严重
2606,40,51,223,一般
2607,49,63,309,一般
2608,75,31,554,一般
2609,26,86,102,正常
2610,80,29,667,严重
2611,28,79,16,正常
2612,27,79,54,正常
2613,45,53,414,一般
2614,25,99,93,正常
2615,40,65,346,一般
2616,42,40,305,一般
2617,41,55,238,一般
2618,84,16,927,严重
2619,35,58,258,一般
2620,23,83,62,正常
2621,236,49,544,正常
2622,20,71,25,正常
2623,45,35,426,一般
2624,89,21,760,严重
2625,49,52,233,一般
2626,99,0,650,严重
2627,35,40,387,一般
2628,26,68,161,正常
2629,61,20,615,一般
2630,22,77,26,正常
2631,93,9,789,严重
2632,92,24,666,严重
2633,57,21,638,一般
2634,72,39,584,一般
2635,25,71,139,正常
2636,28,,276,正常
2637,91,12,554,严重
2638,21,73,101,正常
2639,27,99,114,正常
2640,29,,128,正常
2641,68,30,647,一般
2642,46,33,708,一般
2643,25,92,44,正常
2644,22,84,150,正常
2645,32,30,301,一般
2646,46,47,232,一般
2647,39,46,271,一般
2648,81,25,628,严重
2649,57,28,962,一般
2650,34,64,263,一般
2651,20,88,96,正常
2652,48,69,355,一般
2653,23,98,128,正常
2654,81,30,548,一般
2655,81,27,946,一般
2656,90,11,721,严重
2657,82,30,567,一般
2658,62,28,772,一般
2659,22,63,88,正常
2660,21,90,160,正常
2661,48,61,246,一般
2662,68,29,751,一般
2663,59,28,645,一般
2664,22,76,36,正常
2665,47,38,497,一般
2666,98,0,641,严重
2667,42,48,357,一般
2668,24,95,165,正常
2669,80,18,506,严重
2670,26,66,106,正常
2671,42,63,155,一般
2672,81,24,573,一般
2673,93,0,978,严重
2674,83,25,823,一般
2675,72,33,407,一般
2676,91,8,797,严重
2677,90,19,994,严重
2678,26,89,2,正常
2679,61,38,819,一般
2680,44,59,341,一般
2681,21,76,187,正常
2682,46,29,931,一般
2683,23,84,20,正常
2684,81,17,987,严重
2685,34,44,269,一般
2686,99,0,982,严重
2687,58,27,952,一般
2688,24,71,134,正常
2689,20,,281,正常
2690,65,35,841,一般
2691,23,67,93,正常
2692,93,22,986,严重
2693,82,1,545,严重
2694,53,33,830,一般
2695,70,35,979,一般
2696,,2,825,正常
2697,64,31,946,一般
2698,78,28,881,一般
2699,29,,432,正常
2700,25,84,124,正常
2701,91,15,923,严重
2702,97,25,503,严重
2703,41,32,421,一般
2704,31,32,215,一般
2705,86,2,824,严重
2706,93,28,781,严重
2707,80,25,929,一般
2708,26,,807,正常
2709,67,20,553,一般
2710,57,35,803,一般
2711,64,28,407,一般
2712,39,40,227,一般
2713,48,27,688,一般
2714,23,99,54,正常
2715,83,28,837,严重
2716,45,46,416,一般
2717,87,24,807,严重
2718,22,89,23,正常
2719,24,67,24,正常
2720,83,18,801,严重
2721,37,52,221,一般
2722,25,82,109,正常
2723,90,76,2809,正常
2724,85,2,905,严重
2725,68,37,624,一般
2726,80,5,545,严重
2727,21,96,97,正常
2728,92,29,974,严重
2729,33,67,366,一般
2730,24,62,56,正常
2731,34,44,250,一般
2732,27,72,122,正常
2733,69,35,607,一般
2734,20,80,17,正常
2735,81,16,909,严重
2736,22,64,98,正常
2737,81,8,551,严重
2738,48,21,544,一般
2739,87,14,694,严重
2740,26,88,49,正常
2741,82,10,700,严重
2742,21,69,87,正常
2743,67,25,626,一般
2744,23,81,89,正常
2745,88,22,612,严重
2746,72,36,617,一般
2747,72,26,502,一般
2748,86,27,949,严重
2749,35,56,437,一般
2750,82,17,691,严重
2751,28,97,124,正常
2752,35,64,498,一般
2753,62,30,917,一般
2754,95,15,953,严重
2755,37,30,320,一般
2756,24,92,147,正常
2757,76,21,631,一般
2758,39,65,331,一般
2759,42,35,306,一般
2760,32,44,164,一般
2761,87,61,,正常
2762,30,57,294,一般
2763,31,32,388,一般
2764,22,83,13,正常
2765,21,66,24,正常
2766,30,48,229,一般
2767,20,70,75,正常
2768,42,38,239,一般
2769,68,29,988,一般
2770,24,69,194,正常
2771,43,64,452,一般
2772,28,70,154,正常
2773,31,45,232,一般
2774,25,60,186,正常
2775,49,45,160,一般
2776,82,33,736,一般
2777,66,26,922,一般
2778,23,78,25,正常
2779,31,38,473,一般
2780,87,26,877,严重
2781,49,65,246,一般
2782,36,61,418,一般
2783,61,26,519,一般
2784,23,87,148,正常
2785,61,36,679,一般
2786,29,97,106,正常
2787,47,24,690,一般
2788,40,47,179,一般
2789,25,93,123,正常
2790,22,97,165,正常
2791,58,20,476,一般
2792,94,17,850,严重
2793,48,29,602,一般
2794,28,64,171,正常
2795,53,25,797,一般
2796,59,37,447,一般
2797,89,16,556,严重
2798,85,24,617,严重
2799,83,27,976,严重
2800,27,70,63,正常
2801,46,30,673,一般
2802,46,38,709,一般
2803,75,253,757,正常
2804,38,63,345,一般
2805,95,17,708,严重
2806,81,29,757,一般
2807,92,8,738,严重
2808,91,10,800,严重
2809,73,22,916,一般
2810,97,1,741,严重
2811,24,74,2,正常
2812,31,64,187,一般
2813,81,4,909,严重
2814,70,30,615,一般
2815,84,28,901,严重
2816,20,86,104,正常
2817,87,10,586,严重
2818,28,76,26,正常
2819,83,20,915,严重
2820,64,21,743,一般
2821,50,26,514,一般
2822,31,69,188,一般
2823,82,6,925,严重
2824,27,89,129,正常
2825,28,65,4,正常
2826,36,59,401,一般
2827,35,31,491,一般
2828,32,46,413,一般
2829,46,38,344,一般
2830,30,30,486,一般
2831,28,85,185,正常
2832,68,37,756,一般
2833,94,11,979,严重
2834,62,22,483,一般
2835,46,53,492,一般
2836,27,64,138,正常
2837,79,39,433,一般
2838,27,81,176,正常
2839,84,24,962,严重
2840,38,62,268,一般
2841,53,29,731,一般
2842,29,70,174,正常
2843,75,29,950,一般
2844,90,12,514,严重
2845,21,62,91,正常
2846,53,23,568,一般
2847,90,16,756,严重
2848,29,83,189,正常
2849,32,55,484,一般
2850,51,38,849,一般
2851,36,64,223,一般
2852,84,9,607,严重
2853,62,26,606,一般
2854,99,12,680,严重
2855,70,32,726,一般
2856,73,21,539,一般
2857,47,67,375,一般
2858,28,92,92,正常
2859,34,29,2012,正常
2860,47,28,883,一般
2861,44,61,431,一般
2862,37,35,254,一般
2863,53,33,948,一般
2864,90,3,611,严重
2865,22,69,82,正常
2866,27,64,34,正常
2867,28,91,115,正常
2868,80,19,525,严重
2869,46,24,623,一般
2870,38,60,354,一般
2871,66,29,929,一般
2872,28,79,172,正常
2873,47,67,228,一般
2874,77,22,828,一般
2875,89,7,967,严重
2876,69,30,831,一般
2877,71,38,546,一般
2878,23,88,99,正常
2879,31,46,220,一般
2880,35,46,213,一般
2881,49,25,824,一般
2882,85,26,904,严重
2883,61,26,580,一般
2884,41,63,450,一般
2885,24,79,144,正常
2886,26,96,11,正常
2887,33,46,441,一般
2888,23,76,192,正常
2889,77,30,993,一般
2890,94,7,983,严重
2891,29,85,199,正常
2892,36,37,397,一般
2893,88,26,745,严重
2894,53,21,810,一般
2895,28,63,134,正常
2896,47,68,462,一般
2897,64,25,925,一般
2898,60,21,552,一般
2899,77,21,444,一般
2900,63,29,649,一般
2901,29,82,154,正常
2902,28,87,51,正常
2903,29,,197,正常
2904,27,67,140,正常
2905,49,25,542,一般
2906,25,97,137,正常
2907,58,37,786,一般
2908,90,5,695,严重
2909,29,64,164,正常
2910,85,28,999,严重
2911,98,10,553,严重
2912,25,60,186,正常
2913,21,66,80,正常
2914,20,66,111,正常
2915,29,60,65,正常
2916,82,34,536,一般
2917,24,90,184,正常
2918,94,4,758,严重
2919,44,69,490,一般
2920,82,16,739,严重
2921,21,85,35,正常
2922,27,80,114,正常
2923,95,23,769,严重
2924,35,69,177,一般
2925,29,91,138,正常
2926,,26,433,正常
2927,91,5,940,严重
2928,33,54,251,一般
2929,80,7,974,严重
2930,95,11,768,严重
2931,36,67,271,一般
2932,36,36,341,一般
2933,,78,467,正常
2934,39,49,458,一般
2935,83,36,973,一般
2936,63,34,813,一般
2937,53,36,443,一般
2938,65,31,937,一般
2939,41,56,428,一般
2940,48,48,276,一般
2941,36,69,332,一般
2942,24,68,146,正常
2943,87,28,753,严重
2944,86,16,696,严重
2945,51,26,945,一般
2946,88,1,827,严重
2947,28,77,34,正常
2948,64,38,520,一般
2949,81,26,955,一般
2950,22,68,31,正常
2951,76,21,686,一般
2952,33,56,366,一般
2953,20,75,102,正常
2954,82,28,664,严重
2955,45,25,740,一般
2956,26,90,85,正常
2957,28,62,58,正常
2958,40,62,471,一般
2959,88,27,789,严重
2960,49,40,339,一般
2961,49,44,475,一般
2962,25,72,154,正常
2963,28,68,124,正常
2964,86,20,523,严重
2965,26,64,146,正常
2966,34,32,280,一般
2967,81,0,654,严重
2968,42,50,434,一般
2969,66,27,977,一般
2970,37,58,320,一般
2971,62,29,553,一般
2972,52,25,476,一般
2973,21,77,107,正常
2974,23,74,198,正常
2975,97,9,876,严重
2976,20,70,25,正常
2977,50,28,674,一般
2978,22,74,156,正常
2979,28,87,63,正常
2980,25,88,140,正常
2981,61,28,753,一般
2982,31,35,159,一般
2983,28,93,152,正常
2984,24,82,195,正常
2985,51,21,933,一般
2986,42,47,441,一般
2987,71,37,874,一般
2988,84,34,469,一般
2989,27,60,167,正常
2990,27,94,48,正常
2991,80,11,805,严重
2992,77,30,702,一般
2993,43,33,382,一般
2994,93,14,971,严重
2995,50,27,788,一般
2996,67,24,874,一般
2997,46,33,541,一般
2998,75,20,863,一般
2999,33,58,386,一般
3000,89,13,527,严重
3001,87,1,685,严重
3002,40,58,486,一般
3003,22,85,139,正常
3004,26,87,99,正常
3005,88,29,609,严重
3006,24,83,129,正常
3007,47,31,218,一般
3008,52,24,902,一般
3009,81,9,931,严重
3010,20,42,2561,正常
3011,76,37,513,一般
3012,23,76,83,正常
3013,34,53,192,一般
3014,79,27,419,一般
3015,69,24,625,一般
3016,48,58,229,一般
3017,45,20,683,一般
3018,61,36,714,一般
3019,67,34,943,一般
3020,28,80,187,正常
3021,40,53,278,一般
3022,41,42,407,一般
3023,28,61,111,正常
3024,80,35,817,一般
3025,80,8,762,严重
3026,73,28,831,一般
3027,20,77,157,正常
3028,59,35,616,一般
3029,90,14,714,严重
3030,36,42,230,一般
3031,35,60,182,一般
3032,71,33,799,一般
3033,87,11,671,严重
3034,29,73,79,正常
3035,71,32,928,一般
3036,24,76,126,正常
3037,79,23,572,一般
3038,83,24,711,严重
3039,32,39,469,一般
3040,94,12,582,严重
3041,79,24,671,一般
3042,49,27,633,一般
3043,49,35,935,一般
3044,82,19,757,严重
3045,24,98,93,正常
3046,23,71,116,正常
3047,85,19,961,严重
3048,65,30,825,一般
3049,88,14,685,严重
3050,51,23,876,一般
3051,24,62,54,正常
3052,77,33,771,一般
3053,58,23,401,一般
3054,87,20,951,严重
3055,45,65,249,一般
3056,21,87,132,正常
3057,22,62,25,正常
3058,42,52,338,一般
3059,29,92,180,正常
3060,83,3,834,严重
3061,24,76,68,正常
3062,81,0,970,严重
3063,81,36,695,一般
3064,,9,436,正常
3065,33,51,417,一般
3066,32,56,347,一般
3067,47,30,179,一般
3068,23,,868,正常
3069,46,20,550,一般
3070,31,32,313,一般
3071,90,11,983,严重
3072,280,45,848,正常
3073,69,39,635,一般
3074,86,9,502,严重
3075,57,32,853,一般
3076,23,67,141,正常
3077,22,74,187,正常
3078,22,71,182,正常
3079,22,91,157,正常
3080,75,37,444,一般
3081,26,60,103,正常
3082,79,30,761,一般
3083,34,63,209,一般
3084,44,50,,正常
3085,49,42,288,一般
3086,26,72,137,正常
3087,28,75,59,正常
3088,21,60,26,正常
3089,44,50,194,一般
3090,78,39,871,一般
3091,28,73,160,正常
3092,47,49,355,一般
3093,47,49,401,一般
3094,72,23,465,一般
3095,82,13,743,严重
3096,76,35,706,一般
3097,31,67,237,一般
3098,31,35,291,一般
3099,46,35,607,一般
3100,94,16,810,严重
3101,48,25,635,一般
3102,38,48,378,一般
3103,81,32,568,一般
3104,83,7,709,严重
3105,84,9,844,严重
3106,36,64,152,一般
3107,26,75,175,正常
3108,85,3,646,严重
3109,21,70,38,正常
3110,42,45,170,一般
3111,99,18,947,严重
3112,37,51,258,一般
3113,94,2,746,严重
3114,57,38,606,一般
3115,23,,253,正常
3116,84,18,664,严重
3117,32,57,451,一般
3118,32,52,180,一般
3119,29,96,96,正常
3120,89,17,821,严重
3121,28,60,132,正常
3122,59,32,874,一般
3123,75,21,712,一般
3124,83,28,853,严重
3125,98,22,570,严重
3126,61,34,603,一般
3127,81,15,880,严重
3128,91,2,558,严重
3129,82,1,747,严重
3130,83,1,829,严重
3131,57,29,822,一般
3132,26,92,139,正常
3133,91,19,937,严重
3134,90,23,866,严重
3135,35,60,182,一般
3136,37,51,347,一般
3137,30,39,222,一般
3138,28,80,85,正常
3139,21,96,161,正常
3140,22,80,103,正常
3141,,9,677,正常
3142,99,0,596,严重
3143,99,13,614,严重
3144,48,50,487,一般
3145,25,82,65,正常
3146,36,33,415,一般
3147,82,17,656,严重
3148,98,13,620,严重
3149,39,284,462,正常
3150,44,36,249,一般
3151,21,77,155,正常
3152,40,40,467,一般
3153,27,82,142,正常
3154,29,72,55,正常
3155,59,32,840,一般
3156,33,36,439,一般
3157,95,13,763,严重
3158,87,21,734,严重
3159,33,63,184,一般
3160,59,25,942,一般
3161,81,16,938,严重
3162,47,66,390,一般
3163,27,99,164,正常
3164,38,43,183,一般
3165,96,24,611,严重
3166,64,22,413,一般
3167,81,22,957,一般
3168,48,63,258,一般
3169,26,65,27,正常
3170,80,6,704,严重
3171,56,25,886,一般
3172,41,42,459,一般
3173,91,26,968,严重
3174,44,53,161,一般
3175,76,39,732,一般
3176,80,26,981,一般
3177,91,14,816,严重
3178,75,24,556,一般
3179,67,28,598,一般
3180,37,45,164,一般
3181,46,32,299,一般
3182,46,20,868,一般
3183,49,38,877,一般
3184,31,31,379,一般
3185,86,23,810,严重
3186,23,65,14,正常
3187,23,85,95,正常
3188,23,82,95,正常
3189,40,41,266,一般
3190,44,64,219,一般
3191,27,93,179,正常
3192,29,94,148,正常
3193,94,24,824,严重
3194,97,19,649,严重
3195,92,17,554,严重
3196,81,10,869,严重
3197,,16,362,正常
3198,92,5,830,严重
3199,24,65,105,正常
3200,41,52,341,一般
3201,77,35,678,一般
3202,92,11,920,严重
3203,92,24,798,严重
3204,95,17,664,严重
3205,85,29,677,严重
3206,30,35,469,一般
3207,41,52,464,一般
3208,66,37,837,一般
3209,44,45,308,一般
3210,29,95,107,正常
3211,88,22,788,严重
3212,33,57,382,一般
3213,48,56,169,一般
3214,78,37,701,一般
3215,31,60,451,一般
3216,89,9,741,严重
3217,96,7,986,严重
3218,95,16,744,严重
3219,72,27,605,一般
3220,81,37,858,一般
3221,26,64,7,正常
3222,94,18,500,严重
3223,44,42,333,一般
3224,35,207,622,正常
3225,89,3,578,严重
3226,35,57,164,一般
3227,30,52,430,一般
3228,84,4,835,严重
3229,22,,900,正常
3230,94,18,675,严重
3231,77,23,653,一般
3232,22,91,124,正常
3233,24,71,131,正常
3234,40,47,458,一般
3235,25,74,32,正常
3236,44,67,355,一般
3237,93,17,707,严重
3238,41,49,372,一般
3239,65,22,529,一般
3240,47,22,440,一般
3241,23,97,36,正常
3242,38,35,490,一般
3243,27,75,165,正常
3244,51,27,884,一般
3245,84,20,711,一般
3246,23,75,39,正常
3247,88,14,914,严重
3248,81,1,894,严重
3249,76,30,414,一般
3250,91,13,665,严重
3251,99,14,554,严重
3252,91,0,581,严重
3253,33,52,165,一般
3254,52,27,636,一般
3255,77,25,468,一般
3256,97,26,594,严重
3257,86,5,762,严重
3258,21,80,168,正常
3259,92,12,537,严重
3260,38,55,266,一般
3261,27,88,119,正常
3262,26,64,145,正常
3263,29,97,96,正常
3264,25,93,97,正常
3265,28,77,193,正常
3266,23,76,84,正常
3267,56,38,935,一般
3268,23,95,89,正常
3269,25,79,76,正常
3270,45,38,470,一般
3271,63,22,896,一般
3272,32,43,345,一般
3273,44,39,320,一般
3274,20,61,79,正常
3275,39,45,321,一般
3276,91,1,963,严重
3277,29,60,10,正常
3278,96,21,639,严重
3279,29,95,3,正常
3280,41,46,487,一般
3281,39,57,226,一般
3282,54,27,422,一般
3283,51,20,955,一般
3284,27,60,99,正常
3285,36,50,477,一般
3286,25,69,81,正常
3287,47,37,449,一般
3288,63,31,639,一般
3289,26,83,6,正常
3290,20,63,84,正常
3291,20,85,101,正常
3292,24,96,182,正常
3293,91,9,778,严重
3294,46,37,617,一般
3295,41,47,458,一般
3296,54,24,418,一般
3297,26,94,24,正常
3298,53,21,492,一般
3299,87,26,933,严重
3300,21,64,30,正常
3301,39,46,271,一般
3302,48,30,701,一般
3303,59,34,957,一般
3304,37,63,461,一般
3305,66,26,743,一般
3306,54,39,771,一般
3307,93,0,843,严重
3308,37,44,421,一般
3309,37,65,417,一般
3310,77,39,876,一般
3311,24,80,115,正常
3312,36,57,488,一般
3313,29,,869,正常
3314,58,35,784,一般
3315,81,35,2029,正常
3316,78,26,667,一般
3317,27,80,142,正常
3318,65,27,432,一般
3319,90,17,780,严重
3320,30,41,205,一般
3321,71,34,973,一般
3322,23,97,56,正常
3323,47,31,878,一般
3324,81,14,620,严重
3325,89,23,835,严重
3326,61,21,633,一般
3327,86,6,803,严重
3328,46,66,263,一般
3329,81,30,909,一般
3330,20,93,183,正常
3331,63,39,707,一般
3332,98,3,723,严重
3333,21,65,8,正常
3334,49,39,778,一般
3335,42,67,172,一般
3336,95,26,932,严重
3337,80,8,709,严重
3338,57,38,854,一般
3339,28,91,30,正常
3340,79,23,997,一般
3341,85,9,926,严重
3342,23,60,72,正常
3343,23,90,57,正常
3344,26,92,182,正常
3345,48,59,168,一般
3346,79,32,708,一般
3347,27,95,79,正常
3348,20,69,83,正常
3349,86,1,681,严重
3350,49,41,287,一般
3351,39,58,240,一般
3352,89,28,810,严重
3353,64,28,476,一般
3354,92,26,602,严重
3355,82,24,786,严重
3356,50,34,995,一般
3357,24,67,43,正常
3358,59,31,781,一般
3359,50,31,591,一般
3360,48,37,413,一般
3361,97,13,707,严重
3362,38,47,435,一般
3363,88,28,728,严重
3364,64,26,830,一般
3365,24,88,181,正常
3366,24,61,,正常
3367,72,36,803,一般
3368,65,20,466,一般
3369,42,62,151,一般
3370,32,68,482,一般
3371,96,10,525,严重
3372,30,31,406,一般
3373,71,26,902,一般
3374,31,36,315,一般
3375,68,31,644,一般
3376,20,94,144,正常
3377,27,64,116,正常
3378,56,34,647,一般
3379,21,60,40,正常
3380,36,47,202,一般
3381,30,35,433,一般
3382,38,68,438,一般
3383,69,29,911,一般
3384,26,67,136,正常
3385,39,37,245,一般
3386,97,18,798,严重
3387,24,88,98,正常
3388,46,47,499,一般
3389,31,31,289,一般
3390,47,66,179,一般
3391,86,4,560,严重
3392,83,17,582,严重
3393,84,3,845,严重
3394,28,78,131,正常
3395,31,36,195,一般
3396,46,32,671,一般
3397,66,23,890,一般
3398,47,57,467,一般
3399,86,25,854,严重
3400,34,42,361,一般
3401,20,89,181,正常
3402,97,4,853,严重
3403,27,63,98,正常
3404,27,78,17,正常
3405,75,34,512,一般
3406,22,76,3,正常
3407,55,33,904,一般
3408,96,1,768,严重
3409,25,91,26,正常
3410,22,71,98,正常
3411,21,68,117,正常
3412,85,14,737,严重
3413,27,87,0,正常
3414,31,65,198,一般
3415,47,49,356,一般
3416,31,60,337,一般
3417,22,84,196,正常
3418,23,74,97,正常
3419,22,84,144,正常
3420,21,85,2694,正常
3421,27,89,152,正常
3422,59,20,816,一般
3423,42,35,324,一般
3424,79,26,579,一般
3425,88,26,693,严重
3426,22,99,147,正常
3427,48,68,488,一般
3428,65,37,568,一般
3429,269,70,261,正常
3430,28,68,13,正常
3431,23,93,8,正常
3432,24,93,79,正常
3433,39,59,399,一般
3434,33,55,153,一般
3435,33,51,397,一般
3436,55,37,736,一般
3437,88,20,976,严重
3438,52,24,664,一般
3439,31,36,266,一般
3440,52,38,982,一般
3441,34,60,299,一般
3442,41,66,413,一般
3443,67,26,836,一般
3444,29,78,96,正常
3445,64,34,914,一般
3446,25,71,16,正常
3447,46,29,907,一般
3448,48,34,292,一般
3449,96,5,833,严重
3450,57,27,656,一般
3451,20,71,129,正常
3452,49,38,389,一般
3453,61,38,467,一般
3454,30,56,486,一般
3455,88,27,622,严重
3456,28,83,63,正常
3457,50,30,997,一般
3458,33,64,283,一般
3459,65,20,522,一般
3460,25,81,48,正常
3461,91,7,637,严重
3462,44,48,212,一般
3463,71,25,493,一般
3464,92,19,927,严重
3465,94,10,614,严重
3466,76,39,675,一般
3467,22,88,5,正常
3468,75,36,680,一般
3469,29,73,46,正常
3470,72,26,926,一般
3471,21,92,78,正常
3472,69,23,664,一般
3473,23,74,185,正常
3474,48,23,891,一般
3475,85,1,536,严重
3476,80,26,841,严重
3477,34,48,311,一般
3478,30,40,267,一般
3479,69,34,732,一般
3480,45,27,981,一般
3481,72,25,404,一般
3482,71,39,914,一般
3483,91,11,629,严重
3484,20,91,134,正常
3485,23,75,7,正常
3486,93,7,748,严重
3487,47,53,429,一般
3488,85,1,985,严重
3489,81,9,710,严重
3490,255,14,86,正常
3491,88,27,941,严重
3492,30,59,490,一般
3493,72,28,946,一般
3494,42,62,367,一般
3495,42,57,232,一般
3496,47,29,,正常
3497,29,98,,正常
3498,87,1,535,严重
3499,71,31,525,一般
3500,27,75,190,正常
3501,87,3,791,严重
3502,52,34,794,一般
3503,22,97,110,正常
3504,93,12,586,严重
3505,51,35,884,一般
3506,22,79,160,正常
3507,85,19,746,严重
3508,21,89,170,正常
3509,91,7,897,严重
3510,96,9,664,严重
3511,42,62,284,一般
3512,29,94,104,正常
3513,29,65,50,正常
3514,81,9,614,严重
3515,95,20,940,严重
3516,48,30,412,一般
3517,80,35,617,一般
3518,82,3,671,严重
3519,27,87,75,正常
3520,52,32,638,一般
3521,77,31,760,一般
3522,38,35,397,一般
3523,49,40,378,一般
3524,91,5,841,严重
3525,91,1,856,严重
3526,22,92,179,正常
3527,21,99,77,正常
3528,23,74,167,正常
3529,98,220,375,正常
3530,32,60,305,一般
3531,48,63,343,一般
3532,71,30,582,一般
3533,28,61,14,正常
3534,86,7,734,严重
3535,36,50,259,一般
3536,96,21,741,严重
3537,25,69,178,正常
3538,84,26,402,一般
3539,25,,636,正常
3540,45,55,455,一般
3541,95,22,977,严重
3542,82,14,915,严重
3543,26,84,118,正常
3544,31,45,339,一般
3545,45,28,931,一般
3546,79,25,958,一般
3547,45,42,420,一般
3548,31,54,292,一般
3549,23,67,143,正常
3550,34,50,263,一般
3551,21,69,43,正常
3552,57,30,682,一般
3553,85,21,879,严重
3554,27,60,128,正常
3555,71,21,523,一般
3556,45,23,650,一般
3557,24,,792,正常
3558,94,12,699,严重
3559,62,32,736,一般
3560,83,28,733,一般
3561,70,26,912,一般
3562,29,71,147,正常
3563,91,7,856,严重
3564,43,31,159,一般
3565,30,7,,正常
3566,81,10,798,严重
3567,40,57,400,一般
3568,41,62,204,一般
3569,78,20,825,一般
3570,21,63,179,正常
3571,83,7,815,严重
3572,80,7,779,严重
3573,35,12,,正常
3574,66,30,637,一般
3575,25,79,182,正常
3576,95,28,848,严重
3577,30,68,314,一般
3578,84,19,628,严重
3579,29,72,195,正常
3580,61,39,819,一般
3581,74,38,559,一般
3582,66,27,973,一般
3583,50,37,876,一般
3584,27,75,143,正常
3585,43,62,307,一般
3586,50,29,964,一般
3587,28,96,174,正常
3588,30,65,486,一般
3589,45,31,534,一般
3590,59,28,980,一般
3591,30,32,449,一般
3592,20,77,40,正常
3593,31,47,425,一般
3594,21,62,130,正常
3595,37,51,258,一般
3596,98,18,504,严重
3597,23,77,169,正常
3598,86,28,620,严重
3599,24,78,105,正常
3600,45,54,211,一般
3601,84,32,467,一般
3602,45,32,667,一般
3603,25,87,183,正常
3604,23,71,99,正常
3605,96,16,810,严重
3606,30,59,298,一般
3607,39,58,460,一般
3608,84,35,756,一般
3609,34,67,416,一般
3610,65,289,667,正常
3611,95,9,771,严重
3612,48,37,507,一般
3613,22,83,13,正常
3614,28,95,194,正常
3615,88,24,894,严重
3616,25,64,198,正常
3617,97,22,831,严重
3618,27,60,38,正常
3619,21,75,8,正常
3620,40,40,328,一般
3621,92,29,545,严重
3622,94,21,795,严重
3623,81,8,986,严重
3624,99,18,646,严重
3625,22,89,195,正常
3626,91,0,522,严重
3627,26,95,73,正常
3628,97,3,990,严重
3629,81,28,741,严重
3630,29,97,136,正常
3631,95,9,773,严重
3632,28,76,18,正常
3633,54,27,922,一般
3634,43,69,404,一般
3635,61,32,521,一般
3636,21,,556,正常
3637,56,23,2878,正常
3638,26,79,110,正常
3639,59,29,527,一般
3640,98,7,749,严重
3641,71,22,908,一般
3642,67,39,772,一般
3643,26,90,36,正常
3644,94,20,620,严重
3645,24,82,100,正常
3646,87,6,817,严重
3647,21,64,92,正常
3648,24,87,68,正常
3649,90,1,991,严重
3650,82,28,921,严重
3651,23,97,75,正常
3652,47,48,294,一般
3653,58,27,773,一般
3654,42,39,233,一般
3655,34,69,331,一般
3656,88,18,502,严重
3657,96,5,577,严重
3658,50,38,724,一般
3659,32,60,423,一般
3660,48,51,292,一般
3661,91,6,568,严重
3662,36,61,303,一般
3663,48,63,163,一般
3664,85,28,999,严重
3665,82,24,581,严重
3666,31,33,270,一般
3667,37,67,371,一般
3668,22,68,82,正常
3669,89,27,825,严重
3670,82,26,601,一般
3671,26,95,76,正常
3672,58,24,933,一般
3673,59,21,415,一般
3674,46,229,143,正常
3675,32,41,490,一般
3676,49,36,924,一般
3677,55,27,798,一般
3678,43,49,181,一般
3679,76,37,786,一般
3680,99,4,622,严重
3681,55,32,468,一般
3682,36,42,238,一般
3683,46,52,153,一般
3684,84,26,616,严重
3685,57,21,408,一般
3686,62,25,559,一般
3687,66,24,407,一般
3688,88,19,679,严重
3689,28,68,161,正常
3690,39,55,284,一般
3691,40,61,286,一般
3692,35,31,491,一般
3693,56,34,992,一般
3694,76,39,883,一般
3695,73,24,553,一般
3696,24,73,88,正常
3697,40,63,355,一般
3698,47,37,347,一般
3699,39,50,364,一般
3700,29,92,109,正常
3701,24,74,153,正常
3702,70,24,852,一般
3703,30,63,396,一般
3704,21,85,122,正常
3705,23,63,123,正常
3706,95,19,809,严重
3707,89,20,914,严重
3708,21,74,33,正常
3709,27,87,171,正常
3710,46,45,479,一般
3711,64,24,605,一般
3712,86,19,756,严重
3713,38,67,354,一般
3714,27,82,108,正常
3715,69,38,866,一般
3716,22,81,50,正常
3717,99,8,894,严重
3718,77,21,819,一般
3719,88,19,679,严重
3720,44,42,276,一般
3721,80,14,650,严重
3722,27,88,95,正常
3723,31,39,349,一般
3724,43,52,493,一般
3725,80,12,516,严重
3726,20,74,148,正常
3727,,73,877,正常
3728,58,67,,正常
3729,40,63,294,一般
3730,48,35,779,一般
3731,31,37,253,一般
3732,97,1,911,严重
3733,65,36,696,一般
3734,36,67,497,一般
3735,83,18,801,严重
3736,82,37,753,一般
3737,80,32,985,一般
3738,55,34,681,一般
3739,20,73,45,正常
3740,33,61,346,一般
3741,80,12,540,严重
3742,39,37,366,一般
3743,82,39,924,一般
3744,34,57,313,一般
3745,22,92,151,正常
3746,80,3,539,严重
3747,61,31,884,一般
3748,64,29,784,一般
3749,48,30,421,一般
3750,51,28,816,一般
3751,32,40,179,一般
3752,26,94,124,正常
3753,52,22,645,一般
3754,98,14,646,严重
3755,63,22,877,一般
3756,41,32,221,一般
3757,83,39,597,一般
3758,74,29,537,一般
3759,82,30,438,一般
3760,298,38,43,正常
3761,77,244,111,正常
3762,79,21,550,一般
3763,34,60,258,一般
3764,36,40,413,一般
3765,22,63,84,正常
3766,84,26,584,严重
3767,79,30,645,一般
3768,23,66,190,正常
3769,26,94,5,正常
3770,82,20,790,一般
3771,82,18,616,严重
3772,87,4,679,严重
3773,29,74,165,正常
3774,98,22,680,严重
3775,84,22,851,严重
3776,87,3,542,严重
3777,80,12,847,严重
3778,48,49,261,一般
3779,42,62,284,一般
3780,70,31,883,一般
3781,25,66,160,正常
3782,24,79,36,正常
3783,40,66,302,一般
3784,78,36,602,一般
3785,73,31,595,一般
3786,30,40,495,一般
3787,45,37,774,一般
3788,20,70,147,正常
3789,79,37,962,一般
3790,29,76,69,正常
3791,45,49,269,一般
3792,95,15,803,严重
3793,81,5,653,严重
3794,84,31,978,一般
3795,88,4,566,严重
3796,94,25,940,严重
3797,63,33,490,一般
3798,84,24,895,一般
3799,52,35,986,一般
3800,48,58,273,一般
3801,29,83,96,正常
3802,45,29,503,一般
3803,27,86,91,正常
3804,85,23,806,严重
3805,32,40,494,一般
3806,38,60,334,一般
3807,91,13,823,严重
3808,81,26,857,一般
3809,22,77,26,正常
3810,87,18,990,严重
3811,24,98,44,正常
3812,33,44,207,一般
3813,85,8,841,严重
3814,38,66,162,一般
3815,71,26,910,一般
3816,81,27,887,一般
3817,34,39,453,一般
3818,22,82,198,正常
3819,20,82,142,正常
3820,39,39,268,一般
3821,55,35,974,一般
3822,39,48,367,一般
3823,39,43,433,一般
3824,65,22,955,一般
3825,39,55,284,一般
3826,22,77,44,正常
3827,39,38,349,一般
3828,35,64,338,一般
3829,42,35,496,一般
3830,29,89,125,正常
3831,92,0,711,严重
3832,26,77,36,正常
3833,30,34,220,一般
3834,69,29,907,一般
3835,95,16,966,严重
3836,26,69,45,正常
3837,42,40,365,一般
3838,37,62,379,一般
3839,21,,345,正常
3840,45,28,468,一般
3841,85,24,714,严重
3842,,70,403,正常
3843,89,4,693,严重
3844,53,38,616,一般
3845,97,18,932,严重
3846,27,60,167,正常
3847,32,69,245,一般
3848,24,78,181,正常
3849,31,30,470,一般
3850,88,26,548,严重
3851,59,22,944,一般
3852,43,51,239,一般
3853,35,63,499,一般
3854,80,15,646,严重
3855,49,63,326,一般
3856,98,2,872,严重
3857,82,7,506,严重
3858,22,64,17,正常
3859,45,32,195,一般
3860,88,21,726,严重
3861,84,38,694,一般
3862,47,39,412,一般
3863,22,90,69,正常
3864,20,66,44,正常
3865,24,83,14,正常
3866,34,60,419,一般
3867,89,5,605,严重
3868,22,63,43,正常
3869,29,69,99,正常
3870,21,70,97,正常
3871,66,24,518,一般
3872,35,31,311,一般
3873,83,12,604,严重
3874,56,3,2715,正常
3875,49,43,211,一般
3876,80,8,804,严重
3877,65,39,993,一般
3878,90,16,991,严重
3879,34,35,291,一般
3880,85,27,669,严重
3881,28,88,186,正常
3882,21,67,189,正常
3883,53,31,958,一般
3884,81,10,813,严重
3885,46,39,219,一般
3886,37,38,209,一般
3887,48,37,326,一般
3888,68,25,668,一般
3889,23,73,11,正常
3890,22,71,101,正常
3891,53,26,894,一般
3892,80,11,629,严重
3893,88,8,885,严重
3894,49,40,478,一般
3895,21,76,173,正常
3896,29,70,171,正常
3897,48,68,377,一般
3898,81,3,550,严重
3899,82,12,596,严重
3900,61,38,587,一般
3901,47,38,300,一般
3902,55,37,727,一般
3903,36,34,152,一般
3904,24,71,52,正常
3905,38,61,369,一般
3906,98,19,513,严重
3907,41,62,238,一般
3908,50,44,2586,正常
3909,35,36,247,一般
3910,97,20,827,严重
3911,24,71,121,正常
3912,22,68,143,正常
3913,71,32,587,一般
3914,32,66,461,一般
3915,89,19,889,严重
3916,22,90,9,正常
3917,25,65,163,正常
3918,90,15,600,严重
3919,45,43,371,一般
3920,86,29,768,严重
3921,36,69,241,一般
3922,30,68,453,一般
3923,42,59,242,一般
3924,39,62,214,一般
3925,84,76,,正常
3926,85,29,649,严重
3927,45,40,339,一般
3928,62,29,946,一般
3929,32,40,494,一般
3930,98,2,812,严重
3931,20,93,157,正常
3932,52,23,727,一般
3933,47,49,352,一般
3934,65,30,901,一般
3935,36,41,456,一般
3936,39,30,197,一般
3937,91,10,847,严重
3938,95,4,513,严重
3939,25,88,29,正常
3940,24,67,133,正常
3941,51,39,836,一般
3942,54,29,927,一般
3943,28,82,167,正常
3944,46,69,491,一般
3945,42,53,426,一般
3946,58,37,956,一般
3947,25,88,40,正常
3948,40,37,273,一般
3949,77,27,705,一般
3950,50,31,893,一般
3951,,70,403,正常
3952,27,97,21,正常
3953,53,33,611,一般
3954,26,62,17,正常
3955,22,94,48,正常
3956,31,60,466,一般
3957,28,89,5,正常
3958,81,25,655,一般
3959,21,84,49,正常
3960,40,46,223,一般
3961,95,278,455,正常
3962,237,94,603,正常
3963,48,34,228,一般
3964,24,61,154,正常
3965,94,8,517,严重
3966,71,23,468,一般
3967,92,14,625,严重
3968,35,39,285,一般
3969,99,17,795,严重
3970,50,24,448,一般
3971,38,65,215,一般
3972,57,22,676,一般
3973,98,5,777,严重
3974,46,46,274,一般
3975,67,35,974,一般
3976,92,26,760,严重
3977,47,28,904,一般
3978,75,27,498,一般
3979,84,25,921,严重
3980,45,31,513,一般
3981,87,13,910,严重
3982,24,90,135,正常
3983,26,61,110,正常
3984,71,39,740,一般
3985,34,32,280,一般
3986,81,28,925,严重
3987,71,34,855,一般
3988,37,59,293,一般
3989,80,8,666,严重
3990,82,22,979,严重
3991,29,63,47,正常
3992,87,22,974,严重
3993,41,34,319,一般
3994,20,98,139,正常
3995,46,42,225,一般
3996,67,35,954,一般
3997,46,33,716,一般
3998,48,22,814,一般
3999,43,48,284,一般
4000,40,38,473,一般
4001,69,21,826,一般
4002,67,25,714,一般
4003,42,62,215,一般
4004,51,39,983,一般
4005,57,31,891,一般
4006,20,99,58,正常
4007,47,59,479,一般
4008,35,36,223,一般
4009,20,99,168,正常
4010,,81,316,正常
4011,26,87,25,正常
4012,95,0,760,严重
4013,46,37,883,一般
4014,90,26,666,严重
4015,38,50,458,一般
4016,29,61,46,正常
4017,22,78,101,正常
4018,28,81,138,正常
4019,29,66,152,正常
4020,87,15,523,严重
4021,272,82,4,正常
4022,35,60,182,一般
4023,26,96,167,正常
4024,80,6,828,严重
4025,57,35,426,一般
4026,34,33,284,一般
4027,54,27,707,一般
4028,71,28,791,一般
4029,23,84,49,正常
4030,80,28,682,严重
4031,23,83,31,正常
4032,99,209,637,正常
4033,89,7,794,严重
4034,83,13,996,严重
4035,90,0,811,严重
4036,28,71,70,正常
4037,33,69,152,一般
4038,88,24,510,严重
4039,48,38,165,一般
4040,99,10,847,严重
4041,25,75,66,正常
4042,33,55,411,一般
4043,46,52,182,一般
4044,20,77,189,正常
4045,32,50,296,一般
4046,85,26,881,严重
4047,20,88,164,正常
4048,28,78,148,正常
4049,86,14,662,严重
4050,26,66,130,正常
4051,29,98,139,正常
4052,21,81,141,正常
4053,79,25,756,一般
4054,43,47,452,一般
4055,23,62,183,正常
4056,21,60,26,正常
4057,59,29,931,一般
4058,48,28,780,一般
4059,97,14,908,严重
4060,53,27,838,一般
4061,98,27,926,严重
4062,71,20,421,一般
4063,28,87,21,正常
4064,78,38,540,一般
4065,45,44,257,一般
4066,93,2,628,严重
4067,55,25,730,一般
4068,26,67,124,正常
4069,80,7,663,严重
4070,98,9,714,严重
4071,48,32,378,一般
4072,69,22,778,一般
4073,86,18,641,严重
4074,21,65,71,正常
4075,60,26,982,一般
4076,49,53,287,一般
4077,85,7,664,严重
4078,24,82,80,正常
4079,56,28,584,一般
4080,37,40,332,一般
4081,37,63,291,一般
4082,27,72,76,正常
4083,87,20,742,严重
4084,51,20,990,一般
4085,98,3,687,严重
4086,21,81,13,正常
4087,85,24,573,严重
4088,27,91,26,正常
4089,223,74,849,正常
4090,45,20,515,一般
4091,82,6,895,严重
4092,84,10,859,严重
4093,23,80,3,正常
4094,28,94,11,正常
4095,79,29,794,一般
4096,86,14,875,严重
4097,77,22,953,一般
4098,62,26,607,一般
4099,87,17,680,严重
4100,75,33,592,一般
4101,21,81,8,正常
4102,25,76,102,正常
4103,25,98,143,正常
4104,82,30,841,一般
4105,81,29,858,一般
4106,59,21,437,一般
4107,55,21,422,一般
4108,81,11,545,严重
4109,35,31,168,一般
4110,86,29,985,严重
4111,30,42,248,一般
4112,31,62,360,一般
4113,66,24,899,一般
4114,79,31,408,一般
4115,23,69,5,正常
4116,42,34,452,一般
4117,69,23,446,一般
4118,86,13,741,严重
4119,79,33,661,一般
4120,24,,14,正常
4121,88,5,568,严重
4122,98,1,503,严重
4123,,9,788,正常
4124,88,28,869,严重
4125,25,65,20,正常
4126,51,33,657,一般
4127,39,40,333,一般
4128,95,29,710,严重
4129,66,29,666,一般
4130,36,65,246,一般
4131,53,30,438,一般
4132,49,31,605,一般
4133,61,31,565,一般
4134,255,15,525,正常
4135,79,31,787,一般
4136,25,73,42,正常
4137,56,21,820,一般
4138,93,16,603,严重
4139,24,99,6,正常
4140,71,28,834,一般
4141,82,27,868,一般
4142,46,42,245,一般
4143,29,64,171,正常
4144,81,20,998,严重
4145,92,1,768,严重
4146,23,73,99,正常
4147,28,71,140,正常
4148,46,34,450,一般
4149,97,5,821,严重
4150,31,63,401,一般
4151,32,50,338,一般
4152,24,84,35,正常
4153,46,49,438,一般
4154,46,36,659,一般
4155,97,27,733,严重
4156,98,4,636,严重
4157,22,72,125,正常
4158,81,32,506,一般
4159,24,60,89,正常
4160,97,10,637,严重
4161,86,3,509,严重
4162,,99,941,正常
4163,54,25,872,一般
4164,35,61,215,一般
4165,93,19,943,严重
4166,35,69,183,一般
4167,80,25,832,严重
4168,45,36,817,一般
4169,20,94,169,正常
4170,82,39,616,一般
4171,60,27,611,一般
4172,25,68,23,正常
4173,28,84,165,正常
4174,,6,783,正常
4175,,72,512,正常
4176,64,20,882,一般
4177,94,8,743,严重
4178,23,75,170,正常
4179,28,64,6,正常
4180,84,11,652,严重
4181,22,81,88,正常
4182,25,67,45,正常
4183,47,34,416,一般
4184,91,18,874,严重
4185,41,34,427,一般
4186,37,36,472,一般
4187,22,79,20,正常
4188,26,87,37,正常
4189,81,6,913,严重
4190,97,24,603,严重
4191,80,93,,正常
4192,62,31,582,一般
4193,64,32,901,一般
4194,44,69,490,一般
4195,94,1,984,严重
4196,82,27,480,一般
4197,38,66,318,一般
4198,84,22,853,一般
4199,20,70,82,正常
4200,92,10,743,严重
4201,29,92,192,正常
4202,97,24,615,严重
4203,80,22,446,一般
4204,74,26,435,一般
4205,47,64,203,一般
4206,81,37,941,一般
4207,31,66,415,一般
4208,43,217,344,正常
4209,21,62,109,正常
4210,71,22,950,一般
4211,62,31,978,一般
4212,21,89,82,正常
4213,86,27,947,严重
4214,40,67,329,一般
4215,24,63,55,正常
4216,37,50,339,一般
4217,76,27,795,一般
4218,94,4,637,严重
4219,37,55,274,一般
4220,49,40,339,一般
4221,29,76,76,正常
4222,34,60,452,一般
4223,49,31,891,一般
4224,92,6,550,严重
4225,96,19,879,严重
4226,70,22,468,一般
4227,20,63,96,正常
4228,55,31,921,一般
4229,26,83,25,正常
4230,22,74,126,正常
4231,20,94,68,正常
4232,33,44,341,一般
4233,39,38,459,一般
4234,77,28,578,一般
4235,46,27,564,一般
4236,46,57,271,一般
4237,32,53,301,一般
4238,87,14,839,严重
4239,47,50,305,一般
4240,35,58,321,一般
4241,69,28,440,一般
4242,34,66,435,一般
4243,23,64,30,正常
4244,63,30,465,一般
4245,22,75,55,正常
4246,46,62,302,一般
4247,78,20,937,一般
4248,81,24,800,一般
4249,25,80,76,正常
